order_number,status,current_location,expected_delivery_date,customer_address,customer_name,customer_email,product_id,product_name,quantity,unit_price,total_price
O_N001,Shipped,Hangzhou,06/02/2026,Wuhan,Customer 1,customer001@example.com,P001,Classic Red Mug,4,12.99,51.96
O_N002,Shipped,Hangzhou,06/02/2026,Wuhan,Customer 1,customer001@example.com,P002,Classic White Mug,1,11.99,11.99
O_N003,Shipped,Hangzhou,06/02/2026,Wuhan,Customer 1,customer001@example.com,P003,Classic Blue Mug,1,12.99,12.99
O_N004,Delivered,Wuhan,21/03/2026,Beijing,Customer 1,customer001@example.com,P004,Large Travel Mug,1,18.99,18.99
O_N005,Delivered,Wuhan,21/03/2026,Beijing,Customer 1,customer001@example.com,P011,Thermal Steel Mug,4,19.99,79.96
O_N006,Processing,Mandalay,25/02/2026,Shanghai,Customer 1,customer001@example.com,P002,Classic White Mug,2,11.99,23.98
O_N007,Processing,Mandalay,25/02/2026,Shanghai,Customer 1,customer001@example.com,P038,Marble Ceramic Mug,1,17.99,17.99
O_N008,Shipped,Beijing,04/02/2026,Wuhan,Customer 2,customer002@example.com,P060,Compact Travel Cup,3,16.49,49.47
O_N009,Delivered,Chengdu,15/01/2026,Guangzhou,Customer 2,customer002@example.com,P044,Grip Travel Mug,1,23.99,23.99
O_N010,Shipped,Shanghai,25/03/2026,Guangzhou,Customer 2,customer002@example.com,P005,Gift Mug Set,1,34.99,34.99
O_N011,Shipped,Shanghai,25/03/2026,Guangzhou,Customer 2,customer002@example.com,P031,Floral Gift Mug,1,19.99,19.99
O_N012,Delivered,Mandalay,18/02/2026,Beijing,Customer 3,customer003@example.com,P002,Classic White Mug,1,11.99,11.99
O_N013,Delivered,Mandalay,18/02/2026,Beijing,Customer 3,customer003@example.com,P038,Marble Ceramic Mug,1,17.99,17.99
O_N014,Delivered,Mandalay,18/02/2026,Beijing,Customer 3,customer003@example.com,P012,Commuter Mug,1,21.99,21.99
O_N015,Delivered,Chengdu,18/02/2026,Beijing,Customer 3,customer003@example.com,P004,Large Travel Mug,3,18.99,56.97
O_N016,Delivered,Shanghai,24/03/2026,Beijing,Customer 4,customer004@example.com,P001,Classic Red Mug,2,12.99,25.98
O_N017,Delivered,Shanghai,24/03/2026,Beijing,Customer 4,customer004@example.com,P002,Classic White Mug,1,11.99,11.99
O_N018,Delivered,Shanghai,24/03/2026,Beijing,Customer 4,customer004@example.com,P003,Classic Blue Mug,1,12.99,12.99
O_N019,Delivered,Chengdu,30/03/2026,Beijing,Customer 4,customer004@example.com,P060,Compact Travel Cup,2,16.49,32.98
O_N020,Pending,Mandalay,22/01/2026,Beijing,Customer 4,customer004@example.com,P057,Minimal Black Espresso Pair,2,18.49,36.98
O_N021,Pending,Mandalay,22/01/2026,Beijing,Customer 4,customer004@example.com,P004,Large Travel Mug,1,18.99,18.99
O_N022,Pending,Mandalay,22/01/2026,Beijing,Customer 4,customer004@example.com,P017,Forest Green Mug,3,13.99,41.97
O_N023,Delivered,Guangzhou,02/04/2026,Mandalay,Customer 4,customer004@example.com,P025,Premium Porcelain Mug,3,18.99,56.97
O_N024,Delivered,Guangzhou,02/04/2026,Mandalay,Customer 4,customer004@example.com,P016,Minimal Cream Mug,4,12.49,49.96
O_N025,Delivered,Guangzhou,01/02/2026,Wuhan,Customer 4,customer004@example.com,P004,Large Travel Mug,1,18.99,18.99
O_N026,Delivered,Guangzhou,01/02/2026,Wuhan,Customer 4,customer004@example.com,P011,Thermal Steel Mug,1,19.99,19.99
O_N027,Delivered,Shenzhen,16/01/2026,Mandalay,Customer 5,customer005@example.com,P004,Large Travel Mug,2,18.99,37.98
O_N028,Delivered,Shenzhen,16/01/2026,Mandalay,Customer 5,customer005@example.com,P011,Thermal Steel Mug,2,19.99,39.98
O_N029,Delivered,Shenzhen,16/01/2026,Mandalay,Customer 5,customer005@example.com,P045,Student Budget Mug,2,7.99,15.98
O_N030,Pending,Shenzhen,19/02/2026,Wuhan,Customer 5,customer005@example.com,P005,Gift Mug Set,3,34.99,104.97
O_N031,Pending,Shenzhen,19/02/2026,Wuhan,Customer 5,customer005@example.com,P031,Floral Gift Mug,2,19.99,39.98
O_N032,Processing,Shanghai,25/02/2026,Guangzhou,Customer 6,customer006@example.com,P004,Large Travel Mug,1,18.99,18.99
O_N033,Processing,Shanghai,25/02/2026,Guangzhou,Customer 6,customer006@example.com,P011,Thermal Steel Mug,4,19.99,79.96
O_N034,Delivered,Wuhan,24/03/2026,Mandalay,Customer 6,customer006@example.com,P001,Classic Red Mug,1,12.99,12.99
O_N035,Delivered,Wuhan,24/03/2026,Mandalay,Customer 6,customer006@example.com,P002,Classic White Mug,1,11.99,11.99
O_N036,Delivered,Wuhan,24/03/2026,Mandalay,Customer 6,customer006@example.com,P003,Classic Blue Mug,4,12.99,51.96
O_N037,Pending,Beijing,21/03/2026,Chengdu,Customer 6,customer006@example.com,P057,Minimal Black Espresso Pair,1,18.49,18.49
O_N038,Delivered,Shanghai,02/04/2026,Chengdu,Customer 6,customer006@example.com,P059,Large Office Mug,2,15.99,31.98
O_N039,Delivered,Shanghai,02/04/2026,Chengdu,Customer 6,customer006@example.com,P003,Classic Blue Mug,1,12.99,12.99
O_N040,Delivered,Shanghai,02/04/2026,Chengdu,Customer 6,customer006@example.com,P041,Mini Espresso Cup,3,8.99,26.97
O_N041,Shipped,Beijing,17/02/2026,Mandalay,Customer 6,customer006@example.com,P022,Corporate Logo Mug,1,13.99,13.99
O_N042,Shipped,Beijing,17/02/2026,Mandalay,Customer 6,customer006@example.com,P042,Color Espresso Set,1,24.49,24.49
O_N043,Shipped,Shenzhen,24/03/2026,Shanghai,Customer 6,customer006@example.com,P037,Luxury Gold Mug,2,24.99,49.98
O_N044,Shipped,Shenzhen,24/03/2026,Shanghai,Customer 6,customer006@example.com,P043,Slim Travel Cup,2,20.49,40.98
O_N045,Shipped,Shenzhen,24/03/2026,Shanghai,Customer 6,customer006@example.com,P054,Personalized Couple Mug Set,1,31.99,31.99
O_N046,Shipped,Shenzhen,24/03/2026,Shanghai,Customer 6,customer006@example.com,P028,Mountain Enamel Mug,1,12.99,12.99
O_N047,Delivered,Beijing,16/02/2026,Shanghai,Customer 7,customer007@example.com,P001,Classic Red Mug,1,12.99,12.99
O_N048,Delivered,Beijing,16/02/2026,Shanghai,Customer 7,customer007@example.com,P002,Classic White Mug,1,11.99,11.99
O_N049,Delivered,Beijing,16/02/2026,Shanghai,Customer 7,customer007@example.com,P003,Classic Blue Mug,2,12.99,25.98
O_N050,Delivered,Beijing,16/02/2026,Shanghai,Customer 7,customer007@example.com,P046,Teacher Gift Mug,2,18.99,37.98
O_N051,Processing,Shenzhen,19/01/2026,Beijing,Customer 7,customer007@example.com,P038,Marble Ceramic Mug,3,17.99,53.97
O_N052,Processing,Shenzhen,19/01/2026,Beijing,Customer 7,customer007@example.com,P059,Large Office Mug,1,15.99,15.99
O_N053,Processing,Shenzhen,19/01/2026,Beijing,Customer 7,customer007@example.com,P054,Personalized Couple Mug Set,1,31.99,31.99
O_N054,Delivered,Wuhan,18/03/2026,Wuhan,Customer 7,customer007@example.com,P005,Gift Mug Set,2,34.99,69.98
O_N055,Delivered,Wuhan,18/03/2026,Wuhan,Customer 7,customer007@example.com,P031,Floral Gift Mug,1,19.99,19.99
O_N056,Delivered,Wuhan,18/03/2026,Wuhan,Customer 7,customer007@example.com,P004,Large Travel Mug,1,18.99,18.99
O_N057,Delivered,Wuhan,18/03/2026,Wuhan,Customer 7,customer007@example.com,P037,Luxury Gold Mug,1,24.99,24.99
O_N058,Delivered,Guangzhou,21/02/2026,Guangzhou,Customer 8,customer008@example.com,P001,Classic Red Mug,1,12.99,12.99
O_N059,Delivered,Guangzhou,21/02/2026,Guangzhou,Customer 8,customer008@example.com,P002,Classic White Mug,1,11.99,11.99
O_N060,Delivered,Guangzhou,21/02/2026,Guangzhou,Customer 8,customer008@example.com,P003,Classic Blue Mug,3,12.99,38.97
O_N061,Delivered,Mandalay,31/03/2026,Beijing,Customer 8,customer008@example.com,P001,Classic Red Mug,3,12.99,38.97
O_N062,Delivered,Mandalay,31/03/2026,Beijing,Customer 8,customer008@example.com,P002,Classic White Mug,1,11.99,11.99
O_N063,Delivered,Mandalay,31/03/2026,Beijing,Customer 8,customer008@example.com,P003,Classic Blue Mug,3,12.99,38.97
O_N064,Delivered,Guangzhou,04/02/2026,Chengdu,Customer 8,customer008@example.com,P019,Copper Travel Tumbler,1,22.49,22.49
O_N065,Shipped,Beijing,26/01/2026,Mandalay,Customer 8,customer008@example.com,P001,Classic Red Mug,1,12.99,12.99
O_N066,Shipped,Beijing,26/01/2026,Mandalay,Customer 8,customer008@example.com,P002,Classic White Mug,1,11.99,11.99
O_N067,Shipped,Beijing,26/01/2026,Mandalay,Customer 8,customer008@example.com,P003,Classic Blue Mug,1,12.99,12.99
O_N068,Delivered,Hangzhou,18/02/2026,Mandalay,Customer 9,customer009@example.com,P001,Classic Red Mug,1,12.99,12.99
O_N069,Delivered,Hangzhou,18/02/2026,Mandalay,Customer 9,customer009@example.com,P002,Classic White Mug,1,11.99,11.99
O_N070,Delivered,Hangzhou,18/02/2026,Mandalay,Customer 9,customer009@example.com,P003,Classic Blue Mug,2,12.99,25.98
O_N071,Delivered,Shenzhen,23/01/2026,Hangzhou,Customer 9,customer009@example.com,P052,Infuser Tea Mug,1,19.49,19.49
O_N072,Delivered,Shenzhen,23/01/2026,Hangzhou,Customer 9,customer009@example.com,P007,Pastel Pink Mug,2,13.49,26.98
O_N073,Delivered,Chengdu,30/01/2026,Guangzhou,Customer 10,customer010@example.com,P060,Compact Travel Cup,3,16.49,49.47
O_N074,Delivered,Chengdu,30/01/2026,Guangzhou,Customer 10,customer010@example.com,P013,Eco Bamboo Mug,3,17.49,52.47
O_N075,Shipped,Guangzhou,04/03/2026,Guangzhou,Customer 10,customer010@example.com,P030,Heated Desk Mug,2,49.99,99.98
O_N076,Shipped,Guangzhou,04/03/2026,Guangzhou,Customer 10,customer010@example.com,P002,Classic White Mug,2,11.99,23.98
O_N077,Delivered,Guangzhou,03/03/2026,Hangzhou,Customer 10,customer010@example.com,P013,Eco Bamboo Mug,1,17.49,17.49
O_N078,Delivered,Beijing,02/02/2026,Shenzhen,Customer 11,customer011@example.com,P032,Birthday Mug Box,2,27.99,55.98
O_N079,Delivered,Beijing,02/02/2026,Shenzhen,Customer 11,customer011@example.com,P038,Marble Ceramic Mug,1,17.99,17.99
O_N080,Processing,Shenzhen,10/03/2026,Beijing,Customer 11,customer011@example.com,P049,Insulated Camping Mug,2,17.49,34.98
O_N081,Processing,Shenzhen,10/03/2026,Beijing,Customer 11,customer011@example.com,P058,Rustic Stoneware Mug,1,16.99,16.99
O_N082,Processing,Shenzhen,10/03/2026,Beijing,Customer 11,customer011@example.com,P002,Classic White Mug,2,11.99,23.98
O_N083,Pending,Guangzhou,27/01/2026,Shanghai,Customer 11,customer011@example.com,P001,Classic Red Mug,2,12.99,25.98
O_N084,Pending,Guangzhou,27/01/2026,Shanghai,Customer 11,customer011@example.com,P002,Classic White Mug,1,11.99,11.99
O_N085,Pending,Guangzhou,27/01/2026,Shanghai,Customer 11,customer011@example.com,P003,Classic Blue Mug,1,12.99,12.99
O_N086,Processing,Mandalay,08/04/2026,Guangzhou,Customer 12,customer012@example.com,P005,Gift Mug Set,3,34.99,104.97
O_N087,Processing,Mandalay,08/04/2026,Guangzhou,Customer 12,customer012@example.com,P031,Floral Gift Mug,1,19.99,19.99
O_N088,Delivered,Guangzhou,10/03/2026,Shanghai,Customer 12,customer012@example.com,P002,Classic White Mug,1,11.99,11.99
O_N089,Delivered,Guangzhou,10/03/2026,Shanghai,Customer 12,customer012@example.com,P020,Kids Small Mug,1,9.99,9.99
O_N090,Delivered,Guangzhou,10/03/2026,Shanghai,Customer 12,customer012@example.com,P010,Espresso Cup Pair,2,16.99,33.98
O_N091,Delivered,Mandalay,31/03/2026,Shenzhen,Customer 12,customer012@example.com,P005,Gift Mug Set,4,34.99,139.96
O_N092,Delivered,Mandalay,31/03/2026,Shenzhen,Customer 12,customer012@example.com,P031,Floral Gift Mug,1,19.99,19.99
O_N093,Delivered,Shenzhen,23/03/2026,Chengdu,Customer 13,customer013@example.com,P001,Classic Red Mug,1,12.99,12.99
O_N094,Delivered,Shenzhen,23/03/2026,Chengdu,Customer 13,customer013@example.com,P002,Classic White Mug,2,11.99,23.98
O_N095,Delivered,Shenzhen,23/03/2026,Chengdu,Customer 13,customer013@example.com,P003,Classic Blue Mug,3,12.99,38.97
O_N096,Shipped,Shanghai,01/03/2026,Guangzhou,Customer 13,customer013@example.com,P001,Classic Red Mug,2,12.99,25.98
O_N097,Shipped,Shanghai,01/03/2026,Guangzhou,Customer 13,customer013@example.com,P002,Classic White Mug,1,11.99,11.99
O_N098,Shipped,Shanghai,01/03/2026,Guangzhou,Customer 13,customer013@example.com,P003,Classic Blue Mug,3,12.99,38.97
O_N099,Delivered,Beijing,29/03/2026,Chengdu,Customer 13,customer013@example.com,P005,Gift Mug Set,2,34.99,69.98
O_N100,Delivered,Beijing,29/03/2026,Chengdu,Customer 13,customer013@example.com,P031,Floral Gift Mug,3,19.99,59.97
O_N101,Processing,Beijing,06/04/2026,Guangzhou,Customer 13,customer013@example.com,P060,Compact Travel Cup,4,16.49,65.96
O_N102,Processing,Beijing,06/04/2026,Guangzhou,Customer 13,customer013@example.com,P001,Classic Red Mug,3,12.99,38.97
O_N103,Delivered,Shanghai,22/03/2026,Shenzhen,Customer 13,customer013@example.com,P005,Gift Mug Set,2,34.99,69.98
O_N104,Delivered,Shanghai,22/03/2026,Shenzhen,Customer 13,customer013@example.com,P022,Corporate Logo Mug,2,13.99,27.98
O_N105,Delivered,Chengdu,13/03/2026,Chengdu,Customer 13,customer013@example.com,P005,Gift Mug Set,1,34.99,34.99
O_N106,Delivered,Chengdu,13/03/2026,Chengdu,Customer 13,customer013@example.com,P031,Floral Gift Mug,3,19.99,59.97
O_N107,Shipped,Shanghai,18/03/2026,Chengdu,Customer 14,customer014@example.com,P001,Classic Red Mug,2,12.99,25.98
O_N108,Shipped,Shanghai,18/03/2026,Chengdu,Customer 14,customer014@example.com,P002,Classic White Mug,2,11.99,23.98
O_N109,Shipped,Shanghai,18/03/2026,Chengdu,Customer 14,customer014@example.com,P003,Classic Blue Mug,1,12.99,12.99
O_N110,Delivered,Shanghai,19/03/2026,Mandalay,Customer 14,customer014@example.com,P004,Large Travel Mug,2,18.99,37.98
O_N111,Delivered,Shanghai,19/03/2026,Mandalay,Customer 14,customer014@example.com,P025,Premium Porcelain Mug,2,18.99,37.98
O_N112,Delivered,Shanghai,19/03/2026,Mandalay,Customer 14,customer014@example.com,P045,Student Budget Mug,3,7.99,23.97
O_N113,Delivered,Shanghai,19/03/2026,Mandalay,Customer 14,customer014@example.com,P003,Classic Blue Mug,1,12.99,12.99
O_N114,Processing,Guangzhou,24/03/2026,Hangzhou,Customer 14,customer014@example.com,P001,Classic Red Mug,2,12.99,25.98
O_N115,Processing,Guangzhou,24/03/2026,Hangzhou,Customer 14,customer014@example.com,P002,Classic White Mug,2,11.99,23.98
O_N116,Processing,Guangzhou,24/03/2026,Hangzhou,Customer 14,customer014@example.com,P003,Classic Blue Mug,2,12.99,25.98
O_N117,Delivered,Wuhan,01/02/2026,Mandalay,Customer 15,customer015@example.com,P004,Large Travel Mug,1,18.99,18.99
O_N118,Delivered,Wuhan,01/02/2026,Mandalay,Customer 15,customer015@example.com,P011,Thermal Steel Mug,1,19.99,19.99
O_N119,Processing,Hangzhou,04/03/2026,Hangzhou,Customer 15,customer015@example.com,P001,Classic Red Mug,2,12.99,25.98
O_N120,Processing,Hangzhou,04/03/2026,Hangzhou,Customer 15,customer015@example.com,P002,Classic White Mug,3,11.99,35.97
O_N121,Processing,Hangzhou,04/03/2026,Hangzhou,Customer 15,customer015@example.com,P003,Classic Blue Mug,1,12.99,12.99
O_N122,Delivered,Wuhan,14/03/2026,Shenzhen,Customer 15,customer015@example.com,P012,Commuter Mug,2,21.99,43.98
O_N123,Delivered,Wuhan,14/03/2026,Shenzhen,Customer 15,customer015@example.com,P058,Rustic Stoneware Mug,2,16.99,33.98
O_N124,Shipped,Shanghai,15/01/2026,Hangzhou,Customer 15,customer015@example.com,P020,Kids Small Mug,1,9.99,9.99
O_N125,Shipped,Beijing,09/04/2026,Beijing,Customer 16,customer016@example.com,P028,Mountain Enamel Mug,1,12.99,12.99
O_N126,Shipped,Beijing,17/02/2026,Mandalay,Customer 16,customer016@example.com,P004,Large Travel Mug,1,18.99,18.99
O_N127,Shipped,Beijing,17/02/2026,Mandalay,Customer 16,customer016@example.com,P011,Thermal Steel Mug,1,19.99,19.99
O_N128,Delivered,Mandalay,14/01/2026,Chengdu,Customer 17,customer017@example.com,P017,Forest Green Mug,1,13.99,13.99
O_N129,Delivered,Mandalay,14/01/2026,Chengdu,Customer 17,customer017@example.com,P012,Commuter Mug,1,21.99,21.99
O_N130,Processing,Wuhan,17/03/2026,Beijing,Customer 17,customer017@example.com,P001,Classic Red Mug,1,12.99,12.99
O_N131,Processing,Wuhan,17/03/2026,Beijing,Customer 17,customer017@example.com,P002,Classic White Mug,1,11.99,11.99
O_N132,Processing,Wuhan,17/03/2026,Beijing,Customer 17,customer017@example.com,P003,Classic Blue Mug,2,12.99,25.98
O_N133,Pending,Beijing,09/02/2026,Wuhan,Customer 17,customer017@example.com,P025,Premium Porcelain Mug,2,18.99,37.98
O_N134,Pending,Beijing,09/02/2026,Wuhan,Customer 17,customer017@example.com,P060,Compact Travel Cup,1,16.49,16.49
O_N135,Pending,Beijing,09/02/2026,Wuhan,Customer 17,customer017@example.com,P002,Classic White Mug,2,11.99,23.98
O_N136,Shipped,Shanghai,21/03/2026,Guangzhou,Customer 17,customer017@example.com,P001,Classic Red Mug,1,12.99,12.99
O_N137,Shipped,Shanghai,21/03/2026,Guangzhou,Customer 17,customer017@example.com,P002,Classic White Mug,1,11.99,11.99
O_N138,Shipped,Shanghai,21/03/2026,Guangzhou,Customer 17,customer017@example.com,P003,Classic Blue Mug,1,12.99,12.99
O_N139,Delivered,Beijing,21/03/2026,Shenzhen,Customer 17,customer017@example.com,P045,Student Budget Mug,3,7.99,23.97
O_N140,Delivered,Hangzhou,12/01/2026,Beijing,Customer 17,customer017@example.com,P044,Grip Travel Mug,2,23.99,47.98
O_N141,Processing,Chengdu,06/02/2026,Hangzhou,Customer 18,customer018@example.com,P036,Cork Grip Eco Cup,1,16.49,16.49
O_N142,Delivered,Guangzhou,20/01/2026,Shanghai,Customer 18,customer018@example.com,P022,Corporate Logo Mug,2,13.99,27.98
O_N143,Delivered,Guangzhou,20/01/2026,Shanghai,Customer 18,customer018@example.com,P038,Marble Ceramic Mug,4,17.99,71.96
O_N144,Delivered,Beijing,15/03/2026,Wuhan,Customer 18,customer018@example.com,P005,Gift Mug Set,1,34.99,34.99
O_N145,Delivered,Beijing,15/03/2026,Wuhan,Customer 18,customer018@example.com,P031,Floral Gift Mug,1,19.99,19.99
O_N146,Delivered,Beijing,15/03/2026,Wuhan,Customer 18,customer018@example.com,P018,Speckled Stone Mug,3,15.49,46.47
O_N147,Delivered,Mandalay,22/01/2026,Shenzhen,Customer 18,customer018@example.com,P004,Large Travel Mug,2,18.99,37.98
O_N148,Delivered,Mandalay,22/01/2026,Shenzhen,Customer 18,customer018@example.com,P011,Thermal Steel Mug,3,19.99,59.97
O_N149,Processing,Beijing,29/03/2026,Hangzhou,Customer 18,customer018@example.com,P001,Classic Red Mug,2,12.99,25.98
O_N150,Processing,Beijing,29/03/2026,Hangzhou,Customer 18,customer018@example.com,P002,Classic White Mug,2,11.99,23.98
O_N151,Processing,Beijing,29/03/2026,Hangzhou,Customer 18,customer018@example.com,P003,Classic Blue Mug,4,12.99,51.96
O_N152,Shipped,Beijing,17/03/2026,Beijing,Customer 19,customer019@example.com,P040,Reusable Straw Cup,1,18.49,18.49
O_N153,Shipped,Guangzhou,01/03/2026,Chengdu,Customer 19,customer019@example.com,P001,Classic Red Mug,3,12.99,38.97
O_N154,Shipped,Guangzhou,01/03/2026,Chengdu,Customer 19,customer019@example.com,P002,Classic White Mug,2,11.99,23.98
O_N155,Shipped,Guangzhou,01/03/2026,Chengdu,Customer 19,customer019@example.com,P003,Classic Blue Mug,1,12.99,12.99
O_N156,Delivered,Guangzhou,11/03/2026,Chengdu,Customer 19,customer019@example.com,P017,Forest Green Mug,2,13.99,27.98
O_N157,Delivered,Guangzhou,11/03/2026,Chengdu,Customer 19,customer019@example.com,P016,Minimal Cream Mug,3,12.49,37.47
O_N158,Shipped,Beijing,22/02/2026,Shanghai,Customer 20,customer020@example.com,P001,Classic Red Mug,1,12.99,12.99
O_N159,Shipped,Beijing,22/02/2026,Shanghai,Customer 20,customer020@example.com,P002,Classic White Mug,1,11.99,11.99
O_N160,Shipped,Beijing,22/02/2026,Shanghai,Customer 20,customer020@example.com,P003,Classic Blue Mug,2,12.99,25.98
O_N161,Shipped,Beijing,22/02/2026,Shanghai,Customer 20,customer020@example.com,P004,Large Travel Mug,1,18.99,18.99
O_N162,Delivered,Guangzhou,24/03/2026,Shenzhen,Customer 20,customer020@example.com,P025,Premium Porcelain Mug,1,18.99,18.99
O_N163,Delivered,Guangzhou,24/03/2026,Shenzhen,Customer 20,customer020@example.com,P023,Photo Print Mug,1,15.99,15.99
O_N164,Delivered,Guangzhou,10/04/2026,Wuhan,Customer 20,customer020@example.com,P001,Classic Red Mug,1,12.99,12.99
O_N165,Delivered,Guangzhou,10/04/2026,Wuhan,Customer 20,customer020@example.com,P022,Corporate Logo Mug,1,13.99,13.99
O_N166,Shipped,Shenzhen,02/03/2026,Guangzhou,Customer 20,customer020@example.com,P031,Floral Gift Mug,1,19.99,19.99
O_N167,Shipped,Shenzhen,02/03/2026,Guangzhou,Customer 20,customer020@example.com,P037,Luxury Gold Mug,4,24.99,99.96
O_N168,Pending,Guangzhou,27/02/2026,Beijing,Customer 20,customer020@example.com,P035,Reusable Coffee Cup,3,11.99,35.97
O_N169,Delivered,Guangzhou,09/02/2026,Shanghai,Customer 21,customer021@example.com,P004,Large Travel Mug,1,18.99,18.99
O_N170,Delivered,Guangzhou,09/02/2026,Shanghai,Customer 21,customer021@example.com,P011,Thermal Steel Mug,1,19.99,19.99
O_N171,Delivered,Guangzhou,04/02/2026,Mandalay,Customer 21,customer021@example.com,P023,Photo Print Mug,4,15.99,63.96
O_N172,Delivered,Guangzhou,04/02/2026,Mandalay,Customer 21,customer021@example.com,P058,Rustic Stoneware Mug,1,16.99,16.99
O_N173,Delivered,Guangzhou,04/02/2026,Mandalay,Customer 21,customer021@example.com,P016,Minimal Cream Mug,2,12.49,24.98
O_N174,Processing,Beijing,10/02/2026,Mandalay,Customer 21,customer021@example.com,P014,Reusable Glass Cup,1,14.49,14.49
O_N175,Shipped,Mandalay,17/02/2026,Chengdu,Customer 21,customer021@example.com,P005,Gift Mug Set,4,34.99,139.96
O_N176,Shipped,Mandalay,17/02/2026,Chengdu,Customer 21,customer021@example.com,P031,Floral Gift Mug,3,19.99,59.97
O_N177,Shipped,Mandalay,07/03/2026,Mandalay,Customer 21,customer021@example.com,P005,Gift Mug Set,1,34.99,34.99
O_N178,Shipped,Mandalay,07/03/2026,Mandalay,Customer 21,customer021@example.com,P031,Floral Gift Mug,1,19.99,19.99
O_N179,Shipped,Shanghai,29/01/2026,Chengdu,Customer 21,customer021@example.com,P055,Photo Travel Mug,4,27.99,111.96
O_N180,Shipped,Shanghai,29/01/2026,Chengdu,Customer 21,customer021@example.com,P002,Classic White Mug,2,11.99,23.98
O_N181,Delivered,Hangzhou,20/01/2026,Mandalay,Customer 22,customer022@example.com,P005,Gift Mug Set,1,34.99,34.99
O_N182,Delivered,Hangzhou,20/01/2026,Mandalay,Customer 22,customer022@example.com,P031,Floral Gift Mug,2,19.99,39.98
O_N183,Delivered,Hangzhou,19/02/2026,Hangzhou,Customer 22,customer022@example.com,P031,Floral Gift Mug,1,19.99,19.99
O_N184,Processing,Hangzhou,22/03/2026,Shanghai,Customer 22,customer022@example.com,P043,Slim Travel Cup,1,20.49,20.49
O_N185,Processing,Hangzhou,22/03/2026,Shanghai,Customer 22,customer022@example.com,P040,Reusable Straw Cup,1,18.49,18.49
O_N186,Delivered,Hangzhou,12/03/2026,Chengdu,Customer 23,customer023@example.com,P052,Infuser Tea Mug,2,19.49,38.98
O_N187,Delivered,Hangzhou,12/03/2026,Chengdu,Customer 23,customer023@example.com,P015,Holiday Gift Mug Set,2,39.99,79.98
O_N188,Shipped,Guangzhou,09/02/2026,Beijing,Customer 23,customer023@example.com,P057,Minimal Black Espresso Pair,1,18.49,18.49
O_N189,Shipped,Guangzhou,09/02/2026,Beijing,Customer 23,customer023@example.com,P045,Student Budget Mug,1,7.99,7.99
O_N190,Delivered,Shanghai,23/02/2026,Shenzhen,Customer 23,customer023@example.com,P018,Speckled Stone Mug,1,15.49,15.49
O_N191,Delivered,Shanghai,23/02/2026,Shenzhen,Customer 23,customer023@example.com,P005,Gift Mug Set,1,34.99,34.99
O_N192,Delivered,Shanghai,23/02/2026,Shenzhen,Customer 23,customer023@example.com,P047,Office Starter Pack,1,59.99,59.99
O_N193,Delivered,Shanghai,23/02/2026,Shenzhen,Customer 23,customer023@example.com,P021,Double Wall Glass Mug,3,18.49,55.47
O_N194,Pending,Wuhan,04/02/2026,Hangzhou,Customer 23,customer023@example.com,P016,Minimal Cream Mug,2,12.49,24.98
O_N195,Processing,Guangzhou,22/03/2026,Mandalay,Customer 23,customer023@example.com,P008,Office Grey Mug,3,10.99,32.97
O_N196,Delivered,Hangzhou,01/04/2026,Wuhan,Customer 24,customer024@example.com,P014,Reusable Glass Cup,2,14.49,28.98
O_N197,Processing,Beijing,28/03/2026,Chengdu,Customer 24,customer024@example.com,P022,Corporate Logo Mug,2,13.99,27.98
O_N198,Processing,Beijing,28/03/2026,Chengdu,Customer 24,customer024@example.com,P050,Adventure Enamel Set,1,36.99,36.99
O_N199,Delivered,Hangzhou,22/01/2026,Guangzhou,Customer 24,customer024@example.com,P006,Matte Black Mug,2,14.99,29.98
O_N200,Delivered,Hangzhou,22/01/2026,Guangzhou,Customer 24,customer024@example.com,P017,Forest Green Mug,1,13.99,13.99
O_N201,Processing,Hangzhou,30/01/2026,Beijing,Customer 24,customer024@example.com,P001,Classic Red Mug,1,12.99,12.99
O_N202,Processing,Hangzhou,30/01/2026,Beijing,Customer 24,customer024@example.com,P002,Classic White Mug,1,11.99,11.99
O_N203,Processing,Hangzhou,30/01/2026,Beijing,Customer 24,customer024@example.com,P003,Classic Blue Mug,3,12.99,38.97
O_N204,Cancelled,Guangzhou,N/A,Chengdu,Customer 24,customer024@example.com,P024,Name Engraved Mug,2,16.49,32.98
O_N205,Cancelled,Guangzhou,N/A,Chengdu,Customer 24,customer024@example.com,P008,Office Grey Mug,1,10.99,10.99
O_N206,Delivered,Beijing,11/03/2026,Wuhan,Customer 24,customer024@example.com,P051,Ceramic Tea Mug,1,14.99,14.99
O_N207,Delivered,Shanghai,07/03/2026,Wuhan,Customer 25,customer025@example.com,P001,Classic Red Mug,1,12.99,12.99
O_N208,Delivered,Shanghai,07/03/2026,Wuhan,Customer 25,customer025@example.com,P002,Classic White Mug,1,11.99,11.99
O_N209,Delivered,Hangzhou,02/03/2026,Hangzhou,Customer 25,customer025@example.com,P038,Marble Ceramic Mug,1,17.99,17.99
O_N210,Delivered,Hangzhou,02/03/2026,Hangzhou,Customer 25,customer025@example.com,P042,Color Espresso Set,1,24.49,24.49
O_N211,Delivered,Shenzhen,04/04/2026,Wuhan,Customer 26,customer026@example.com,P001,Classic Red Mug,1,12.99,12.99
O_N212,Delivered,Shenzhen,04/04/2026,Wuhan,Customer 26,customer026@example.com,P002,Classic White Mug,2,11.99,23.98
O_N213,Shipped,Shanghai,10/04/2026,Wuhan,Customer 26,customer026@example.com,P036,Cork Grip Eco Cup,1,16.49,16.49
O_N214,Shipped,Shanghai,10/04/2026,Wuhan,Customer 26,customer026@example.com,P059,Large Office Mug,1,15.99,15.99
O_N215,Cancelled,Mandalay,N/A,Shanghai,Customer 26,customer026@example.com,P017,Forest Green Mug,2,13.99,27.98
O_N216,Cancelled,Mandalay,N/A,Shanghai,Customer 26,customer026@example.com,P029,Smart Temperature Mug,1,54.99,54.99
O_N217,Delivered,Guangzhou,02/04/2026,Shanghai,Customer 26,customer026@example.com,P004,Large Travel Mug,1,18.99,18.99
O_N218,Delivered,Guangzhou,02/04/2026,Shanghai,Customer 26,customer026@example.com,P011,Thermal Steel Mug,4,19.99,79.96
O_N219,Delivered,Guangzhou,02/04/2026,Mandalay,Customer 26,customer026@example.com,P043,Slim Travel Cup,2,20.49,40.98
O_N220,Delivered,Shanghai,09/04/2026,Beijing,Customer 27,customer027@example.com,P022,Corporate Logo Mug,3,13.99,41.97
O_N221,Shipped,Beijing,05/03/2026,Mandalay,Customer 27,customer027@example.com,P004,Large Travel Mug,2,18.99,37.98
O_N222,Shipped,Beijing,05/03/2026,Mandalay,Customer 27,customer027@example.com,P011,Thermal Steel Mug,2,19.99,39.98
O_N223,Delivered,Hangzhou,30/03/2026,Chengdu,Customer 27,customer027@example.com,P038,Marble Ceramic Mug,1,17.99,17.99
O_N224,Delivered,Hangzhou,30/03/2026,Chengdu,Customer 27,customer027@example.com,P054,Personalized Couple Mug Set,2,31.99,63.98
O_N225,Processing,Shanghai,24/03/2026,Shanghai,Customer 27,customer027@example.com,P005,Gift Mug Set,2,34.99,69.98
O_N226,Processing,Shanghai,24/03/2026,Shanghai,Customer 27,customer027@example.com,P031,Floral Gift Mug,2,19.99,39.98
O_N227,Processing,Chengdu,26/03/2026,Hangzhou,Customer 27,customer027@example.com,P001,Classic Red Mug,1,12.99,12.99
O_N228,Processing,Chengdu,26/03/2026,Hangzhou,Customer 27,customer027@example.com,P002,Classic White Mug,2,11.99,23.98
O_N229,Processing,Chengdu,26/03/2026,Hangzhou,Customer 27,customer027@example.com,P003,Classic Blue Mug,2,12.99,25.98
O_N230,Delivered,Beijing,26/03/2026,Shanghai,Customer 28,customer028@example.com,P045,Student Budget Mug,2,7.99,15.98
O_N231,Delivered,Beijing,26/03/2026,Shanghai,Customer 28,customer028@example.com,P019,Copper Travel Tumbler,4,22.49,89.96
O_N232,Delivered,Beijing,26/03/2026,Shanghai,Customer 28,customer028@example.com,P013,Eco Bamboo Mug,1,17.49,17.49
O_N233,Delivered,Beijing,26/03/2026,Shanghai,Customer 28,customer028@example.com,P027,Camping Enamel Mug,1,12.49,12.49
O_N234,Delivered,Shanghai,18/01/2026,Hangzhou,Customer 28,customer028@example.com,P001,Classic Red Mug,2,12.99,25.98
O_N235,Delivered,Guangzhou,29/01/2026,Shenzhen,Customer 28,customer028@example.com,P007,Pastel Pink Mug,4,13.49,53.96
O_N236,Processing,Beijing,27/01/2026,Guangzhou,Customer 28,customer028@example.com,P054,Personalized Couple Mug Set,2,31.99,63.98
O_N237,Cancelled,Beijing,N/A,Mandalay,Customer 28,customer028@example.com,P005,Gift Mug Set,2,34.99,69.98
O_N238,Cancelled,Beijing,N/A,Mandalay,Customer 28,customer028@example.com,P031,Floral Gift Mug,2,19.99,39.98
O_N239,Delivered,Shanghai,03/03/2026,Chengdu,Customer 29,customer029@example.com,P053,Glass Tea Cup,2,13.49,26.98
O_N240,Processing,Guangzhou,02/04/2026,Chengdu,Customer 29,customer029@example.com,P060,Compact Travel Cup,1,16.49,16.49
O_N241,Pending,Beijing,24/03/2026,Hangzhou,Customer 29,customer029@example.com,P001,Classic Red Mug,4,12.99,51.96
O_N242,Pending,Beijing,24/03/2026,Hangzhou,Customer 29,customer029@example.com,P002,Classic White Mug,3,11.99,35.97
O_N243,Pending,Beijing,24/03/2026,Hangzhou,Customer 29,customer029@example.com,P003,Classic Blue Mug,1,12.99,12.99
O_N244,Pending,Shanghai,09/02/2026,Guangzhou,Customer 30,customer030@example.com,P005,Gift Mug Set,1,34.99,34.99
O_N245,Pending,Shanghai,09/02/2026,Guangzhou,Customer 30,customer030@example.com,P031,Floral Gift Mug,1,19.99,19.99
O_N246,Pending,Shanghai,09/02/2026,Guangzhou,Customer 30,customer030@example.com,P003,Classic Blue Mug,3,12.99,38.97
O_N247,Cancelled,Shanghai,N/A,Guangzhou,Customer 30,customer030@example.com,P046,Teacher Gift Mug,1,18.99,18.99
O_N248,Cancelled,Shanghai,N/A,Guangzhou,Customer 30,customer030@example.com,P031,Floral Gift Mug,4,19.99,79.96
O_N249,Cancelled,Shanghai,N/A,Guangzhou,Customer 30,customer030@example.com,P020,Kids Small Mug,1,9.99,9.99
O_N250,Processing,Chengdu,11/02/2026,Shenzhen,Customer 30,customer030@example.com,P052,Infuser Tea Mug,1,19.49,19.49
O_N251,Delivered,Guangzhou,18/02/2026,Wuhan,Customer 30,customer030@example.com,P022,Corporate Logo Mug,2,13.99,27.98
O_N252,Delivered,Guangzhou,18/02/2026,Wuhan,Customer 30,customer030@example.com,P039,Tall Latte Glass,1,16.99,16.99
O_N253,Processing,Shanghai,30/01/2026,Shanghai,Customer 30,customer030@example.com,P001,Classic Red Mug,3,12.99,38.97
O_N254,Processing,Shanghai,30/01/2026,Shanghai,Customer 30,customer030@example.com,P002,Classic White Mug,3,11.99,35.97
O_N255,Processing,Shanghai,30/01/2026,Shanghai,Customer 30,customer030@example.com,P003,Classic Blue Mug,1,12.99,12.99
O_N256,Pending,Guangzhou,27/01/2026,Guangzhou,Customer 31,customer031@example.com,P005,Gift Mug Set,1,34.99,34.99
O_N257,Pending,Guangzhou,27/01/2026,Guangzhou,Customer 31,customer031@example.com,P031,Floral Gift Mug,2,19.99,39.98
O_N258,Delivered,Shenzhen,07/03/2026,Guangzhou,Customer 31,customer031@example.com,P001,Classic Red Mug,1,12.99,12.99
O_N259,Delivered,Shenzhen,07/03/2026,Guangzhou,Customer 31,customer031@example.com,P002,Classic White Mug,2,11.99,23.98
O_N260,Delivered,Shenzhen,07/03/2026,Guangzhou,Customer 31,customer031@example.com,P003,Classic Blue Mug,3,12.99,38.97
O_N261,Delivered,Shenzhen,22/03/2026,Beijing,Customer 31,customer031@example.com,P001,Classic Red Mug,2,12.99,25.98
O_N262,Delivered,Shenzhen,22/03/2026,Beijing,Customer 31,customer031@example.com,P002,Classic White Mug,1,11.99,11.99
O_N263,Delivered,Shenzhen,22/03/2026,Beijing,Customer 31,customer031@example.com,P003,Classic Blue Mug,1,12.99,12.99
O_N264,Delivered,Beijing,08/04/2026,Mandalay,Customer 31,customer031@example.com,P005,Gift Mug Set,1,34.99,34.99
O_N265,Delivered,Beijing,08/04/2026,Mandalay,Customer 31,customer031@example.com,P031,Floral Gift Mug,2,19.99,39.98
O_N266,Shipped,Chengdu,09/03/2026,Chengdu,Customer 32,customer032@example.com,P007,Pastel Pink Mug,4,13.49,53.96
O_N267,Shipped,Chengdu,09/03/2026,Chengdu,Customer 32,customer032@example.com,P025,Premium Porcelain Mug,2,18.99,37.98
O_N268,Shipped,Chengdu,09/03/2026,Chengdu,Customer 32,customer032@example.com,P003,Classic Blue Mug,1,12.99,12.99
O_N269,Shipped,Chengdu,09/03/2026,Chengdu,Customer 32,customer032@example.com,P056,Smart App Mug,2,64.99,129.98
O_N270,Processing,Chengdu,10/03/2026,Shanghai,Customer 32,customer032@example.com,P001,Classic Red Mug,1,12.99,12.99
O_N271,Processing,Chengdu,10/03/2026,Shanghai,Customer 32,customer032@example.com,P002,Classic White Mug,1,11.99,11.99
O_N272,Processing,Chengdu,10/03/2026,Shanghai,Customer 32,customer032@example.com,P003,Classic Blue Mug,1,12.99,12.99
O_N273,Delivered,Chengdu,13/02/2026,Beijing,Customer 32,customer032@example.com,P004,Large Travel Mug,2,18.99,37.98
O_N274,Delivered,Chengdu,13/02/2026,Beijing,Customer 32,customer032@example.com,P011,Thermal Steel Mug,1,19.99,19.99
O_N275,Delivered,Chengdu,04/02/2026,Beijing,Customer 32,customer032@example.com,P005,Gift Mug Set,1,34.99,34.99
O_N276,Delivered,Chengdu,04/02/2026,Beijing,Customer 32,customer032@example.com,P031,Floral Gift Mug,1,19.99,19.99
O_N277,Delivered,Hangzhou,22/01/2026,Hangzhou,Customer 33,customer033@example.com,P004,Large Travel Mug,1,18.99,18.99
O_N278,Delivered,Hangzhou,22/01/2026,Hangzhou,Customer 33,customer033@example.com,P011,Thermal Steel Mug,1,19.99,19.99
O_N279,Delivered,Hangzhou,22/01/2026,Hangzhou,Customer 33,customer033@example.com,P036,Cork Grip Eco Cup,1,16.49,16.49
O_N280,Delivered,Beijing,27/03/2026,Guangzhou,Customer 33,customer033@example.com,P005,Gift Mug Set,2,34.99,69.98
O_N281,Delivered,Beijing,27/03/2026,Guangzhou,Customer 33,customer033@example.com,P031,Floral Gift Mug,2,19.99,39.98
O_N282,Processing,Mandalay,18/01/2026,Shanghai,Customer 34,customer034@example.com,P046,Teacher Gift Mug,4,18.99,75.96
O_N283,Processing,Mandalay,18/01/2026,Shanghai,Customer 34,customer034@example.com,P006,Matte Black Mug,2,14.99,29.98
O_N284,Shipped,Beijing,23/02/2026,Shanghai,Customer 34,customer034@example.com,P045,Student Budget Mug,2,7.99,15.98
O_N285,Shipped,Beijing,23/02/2026,Shanghai,Customer 34,customer034@example.com,P037,Luxury Gold Mug,2,24.99,49.98
O_N286,Shipped,Shanghai,13/01/2026,Shenzhen,Customer 35,customer035@example.com,P004,Large Travel Mug,2,18.99,37.98
O_N287,Shipped,Shanghai,13/01/2026,Shenzhen,Customer 35,customer035@example.com,P011,Thermal Steel Mug,4,19.99,79.96
O_N288,Shipped,Shanghai,13/01/2026,Shenzhen,Customer 35,customer035@example.com,P045,Student Budget Mug,1,7.99,7.99
O_N289,Shipped,Shanghai,13/01/2026,Shenzhen,Customer 35,customer035@example.com,P032,Birthday Mug Box,2,27.99,55.98
O_N290,Shipped,Beijing,15/02/2026,Shenzhen,Customer 35,customer035@example.com,P019,Copper Travel Tumbler,1,22.49,22.49
O_N291,Shipped,Beijing,15/02/2026,Shenzhen,Customer 35,customer035@example.com,P021,Double Wall Glass Mug,1,18.49,18.49
O_N292,Delivered,Hangzhou,13/03/2026,Shenzhen,Customer 35,customer035@example.com,P007,Pastel Pink Mug,2,13.49,26.98
O_N293,Processing,Hangzhou,01/04/2026,Shanghai,Customer 35,customer035@example.com,P001,Classic Red Mug,1,12.99,12.99
O_N294,Processing,Hangzhou,01/04/2026,Shanghai,Customer 35,customer035@example.com,P002,Classic White Mug,2,11.99,23.98
O_N295,Processing,Hangzhou,01/04/2026,Shanghai,Customer 35,customer035@example.com,P003,Classic Blue Mug,1,12.99,12.99
O_N296,Pending,Chengdu,26/02/2026,Shenzhen,Customer 35,customer035@example.com,P001,Classic Red Mug,4,12.99,51.96
O_N297,Pending,Chengdu,26/02/2026,Shenzhen,Customer 35,customer035@example.com,P002,Classic White Mug,1,11.99,11.99
O_N298,Pending,Chengdu,26/02/2026,Shenzhen,Customer 35,customer035@example.com,P003,Classic Blue Mug,1,12.99,12.99
O_N299,Delivered,Chengdu,04/03/2026,Wuhan,Customer 36,customer036@example.com,P005,Gift Mug Set,1,34.99,34.99
O_N300,Delivered,Chengdu,04/03/2026,Wuhan,Customer 36,customer036@example.com,P031,Floral Gift Mug,2,19.99,39.98
O_N301,Delivered,Chengdu,04/03/2026,Wuhan,Customer 36,customer036@example.com,P048,Cafe Style Cappuccino Cup,1,13.99,13.99
O_N302,Delivered,Chengdu,04/03/2026,Wuhan,Customer 36,customer036@example.com,P025,Premium Porcelain Mug,2,18.99,37.98
O_N303,Delivered,Beijing,17/03/2026,Hangzhou,Customer 36,customer036@example.com,P005,Gift Mug Set,2,34.99,69.98
O_N304,Delivered,Beijing,17/03/2026,Hangzhou,Customer 36,customer036@example.com,P031,Floral Gift Mug,1,19.99,19.99
O_N305,Delivered,Shanghai,23/03/2026,Chengdu,Customer 36,customer036@example.com,P014,Reusable Glass Cup,1,14.49,14.49
O_N306,Delivered,Shanghai,23/03/2026,Chengdu,Customer 36,customer036@example.com,P048,Cafe Style Cappuccino Cup,1,13.99,13.99
O_N307,Delivered,Beijing,28/02/2026,Shenzhen,Customer 36,customer036@example.com,P005,Gift Mug Set,2,34.99,69.98
O_N308,Delivered,Beijing,28/02/2026,Shenzhen,Customer 36,customer036@example.com,P038,Marble Ceramic Mug,2,17.99,35.98
O_N309,Pending,Beijing,13/01/2026,Hangzhou,Customer 36,customer036@example.com,P007,Pastel Pink Mug,2,13.49,26.98
O_N310,Delivered,Mandalay,01/03/2026,Mandalay,Customer 36,customer036@example.com,P004,Large Travel Mug,2,18.99,37.98
O_N311,Delivered,Mandalay,01/03/2026,Mandalay,Customer 36,customer036@example.com,P011,Thermal Steel Mug,2,19.99,39.98
O_N312,Pending,Guangzhou,03/04/2026,Mandalay,Customer 37,customer037@example.com,P001,Classic Red Mug,2,12.99,25.98
O_N313,Pending,Guangzhou,03/04/2026,Mandalay,Customer 37,customer037@example.com,P002,Classic White Mug,1,11.99,11.99
O_N314,Pending,Guangzhou,03/04/2026,Mandalay,Customer 37,customer037@example.com,P003,Classic Blue Mug,1,12.99,12.99
O_N315,Delivered,Shenzhen,15/03/2026,Shanghai,Customer 37,customer037@example.com,P040,Reusable Straw Cup,2,18.49,36.98
O_N316,Delivered,Shenzhen,15/03/2026,Shanghai,Customer 37,customer037@example.com,P024,Name Engraved Mug,1,16.49,16.49
O_N317,Delivered,Shenzhen,15/03/2026,Shanghai,Customer 37,customer037@example.com,P011,Thermal Steel Mug,1,19.99,19.99
O_N318,Delivered,Mandalay,19/02/2026,Beijing,Customer 37,customer037@example.com,P003,Classic Blue Mug,1,12.99,12.99
O_N319,Delivered,Mandalay,19/02/2026,Beijing,Customer 37,customer037@example.com,P007,Pastel Pink Mug,2,13.49,26.98
O_N320,Delivered,Shanghai,01/02/2026,Mandalay,Customer 38,customer038@example.com,P004,Large Travel Mug,2,18.99,37.98
O_N321,Delivered,Shanghai,01/02/2026,Mandalay,Customer 38,customer038@example.com,P011,Thermal Steel Mug,1,19.99,19.99
O_N322,Delivered,Shenzhen,03/04/2026,Hangzhou,Customer 38,customer038@example.com,P004,Large Travel Mug,2,18.99,37.98
O_N323,Delivered,Shenzhen,03/04/2026,Hangzhou,Customer 38,customer038@example.com,P011,Thermal Steel Mug,1,19.99,19.99
O_N324,Pending,Shanghai,12/03/2026,Shenzhen,Customer 38,customer038@example.com,P018,Speckled Stone Mug,1,15.49,15.49
O_N325,Processing,Shanghai,08/02/2026,Beijing,Customer 39,customer039@example.com,P001,Classic Red Mug,2,12.99,25.98
O_N326,Processing,Shanghai,08/02/2026,Beijing,Customer 39,customer039@example.com,P002,Classic White Mug,1,11.99,11.99
O_N327,Processing,Shanghai,08/02/2026,Beijing,Customer 39,customer039@example.com,P003,Classic Blue Mug,1,12.99,12.99
O_N328,Delivered,Shenzhen,07/04/2026,Chengdu,Customer 39,customer039@example.com,P051,Ceramic Tea Mug,1,14.99,14.99
O_N329,Delivered,Shenzhen,07/04/2026,Chengdu,Customer 39,customer039@example.com,P001,Classic Red Mug,1,12.99,12.99
O_N330,Shipped,Shanghai,23/03/2026,Hangzhou,Customer 39,customer039@example.com,P038,Marble Ceramic Mug,3,17.99,53.97
O_N331,Shipped,Shanghai,23/03/2026,Hangzhou,Customer 39,customer039@example.com,P051,Ceramic Tea Mug,1,14.99,14.99
O_N332,Shipped,Mandalay,14/01/2026,Guangzhou,Customer 39,customer039@example.com,P011,Thermal Steel Mug,1,19.99,19.99
O_N333,Shipped,Mandalay,14/01/2026,Guangzhou,Customer 39,customer039@example.com,P051,Ceramic Tea Mug,1,14.99,14.99
O_N334,Shipped,Mandalay,14/01/2026,Guangzhou,Customer 39,customer039@example.com,P019,Copper Travel Tumbler,1,22.49,22.49
O_N335,Shipped,Mandalay,14/01/2026,Guangzhou,Customer 39,customer039@example.com,P008,Office Grey Mug,2,10.99,21.98
O_N336,Delivered,Beijing,17/01/2026,Wuhan,Customer 40,customer040@example.com,P005,Gift Mug Set,1,34.99,34.99
O_N337,Delivered,Beijing,17/01/2026,Wuhan,Customer 40,customer040@example.com,P031,Floral Gift Mug,2,19.99,39.98
O_N338,Shipped,Chengdu,15/01/2026,Shenzhen,Customer 40,customer040@example.com,P005,Gift Mug Set,1,34.99,34.99
O_N339,Shipped,Chengdu,15/01/2026,Shenzhen,Customer 40,customer040@example.com,P031,Floral Gift Mug,4,19.99,79.96
O_N340,Delivered,Hangzhou,15/01/2026,Mandalay,Customer 40,customer040@example.com,P021,Double Wall Glass Mug,1,18.49,18.49
O_N341,Delivered,Hangzhou,15/01/2026,Mandalay,Customer 40,customer040@example.com,P038,Marble Ceramic Mug,1,17.99,17.99
O_N342,Shipped,Hangzhou,06/02/2026,Mandalay,Customer 40,customer040@example.com,P016,Minimal Cream Mug,1,12.49,12.49
O_N343,Delivered,Wuhan,12/01/2026,Hangzhou,Customer 41,customer041@example.com,P058,Rustic Stoneware Mug,1,16.99,16.99
O_N344,Delivered,Wuhan,12/01/2026,Hangzhou,Customer 41,customer041@example.com,P037,Luxury Gold Mug,2,24.99,49.98
O_N345,Delivered,Wuhan,12/01/2026,Hangzhou,Customer 41,customer041@example.com,P023,Photo Print Mug,2,15.99,31.98
O_N346,Delivered,Hangzhou,09/03/2026,Chengdu,Customer 41,customer041@example.com,P002,Classic White Mug,3,11.99,35.97
O_N347,Shipped,Mandalay,07/02/2026,Beijing,Customer 41,customer041@example.com,P004,Large Travel Mug,3,18.99,56.97
O_N348,Shipped,Mandalay,07/02/2026,Beijing,Customer 41,customer041@example.com,P011,Thermal Steel Mug,3,19.99,59.97
O_N349,Shipped,Mandalay,07/02/2026,Beijing,Customer 41,customer041@example.com,P037,Luxury Gold Mug,1,24.99,24.99
O_N350,Shipped,Shanghai,19/02/2026,Shanghai,Customer 42,customer042@example.com,P031,Floral Gift Mug,1,19.99,19.99
O_N351,Delivered,Chengdu,14/03/2026,Shanghai,Customer 42,customer042@example.com,P001,Classic Red Mug,1,12.99,12.99
O_N352,Delivered,Chengdu,14/03/2026,Shanghai,Customer 42,customer042@example.com,P002,Classic White Mug,1,11.99,11.99
O_N353,Delivered,Chengdu,14/03/2026,Shanghai,Customer 42,customer042@example.com,P003,Classic Blue Mug,3,12.99,38.97
O_N354,Delivered,Mandalay,31/03/2026,Guangzhou,Customer 42,customer042@example.com,P043,Slim Travel Cup,3,20.49,61.47
O_N355,Delivered,Mandalay,31/03/2026,Guangzhou,Customer 42,customer042@example.com,P038,Marble Ceramic Mug,1,17.99,17.99
O_N356,Shipped,Guangzhou,30/03/2026,Beijing,Customer 43,customer043@example.com,P005,Gift Mug Set,1,34.99,34.99
O_N357,Shipped,Guangzhou,30/03/2026,Beijing,Customer 43,customer043@example.com,P031,Floral Gift Mug,2,19.99,39.98
O_N358,Delivered,Mandalay,26/03/2026,Wuhan,Customer 43,customer043@example.com,P004,Large Travel Mug,1,18.99,18.99
O_N359,Delivered,Mandalay,26/03/2026,Wuhan,Customer 43,customer043@example.com,P011,Thermal Steel Mug,2,19.99,39.98
O_N360,Delivered,Wuhan,24/01/2026,Shanghai,Customer 43,customer043@example.com,P032,Birthday Mug Box,1,27.99,27.99
O_N361,Shipped,Chengdu,05/03/2026,Mandalay,Customer 44,customer044@example.com,P017,Forest Green Mug,1,13.99,13.99
O_N362,Delivered,Shanghai,02/02/2026,Beijing,Customer 44,customer044@example.com,P030,Heated Desk Mug,1,49.99,49.99
O_N363,Delivered,Chengdu,15/03/2026,Shenzhen,Customer 44,customer044@example.com,P044,Grip Travel Mug,2,23.99,47.98
O_N364,Delivered,Chengdu,15/03/2026,Shenzhen,Customer 44,customer044@example.com,P013,Eco Bamboo Mug,1,17.49,17.49
O_N365,Pending,Guangzhou,22/01/2026,Wuhan,Customer 44,customer044@example.com,P005,Gift Mug Set,2,34.99,69.98
O_N366,Pending,Guangzhou,22/01/2026,Wuhan,Customer 44,customer044@example.com,P031,Floral Gift Mug,4,19.99,79.96
O_N367,Cancelled,Guangzhou,N/A,Beijing,Customer 44,customer044@example.com,P028,Mountain Enamel Mug,3,12.99,38.97
O_N368,Cancelled,Guangzhou,N/A,Beijing,Customer 44,customer044@example.com,P023,Photo Print Mug,1,15.99,15.99
O_N369,Delivered,Wuhan,15/03/2026,Chengdu,Customer 45,customer045@example.com,P043,Slim Travel Cup,1,20.49,20.49
O_N370,Delivered,Wuhan,15/03/2026,Chengdu,Customer 45,customer045@example.com,P026,Stackable Espresso Set,2,29.99,59.98
O_N371,Processing,Hangzhou,06/03/2026,Shanghai,Customer 45,customer045@example.com,P013,Eco Bamboo Mug,2,17.49,34.98
O_N372,Processing,Hangzhou,06/03/2026,Shanghai,Customer 45,customer045@example.com,P018,Speckled Stone Mug,1,15.49,15.49
O_N373,Processing,Chengdu,08/03/2026,Shanghai,Customer 45,customer045@example.com,P019,Copper Travel Tumbler,2,22.49,44.98
O_N374,Processing,Chengdu,08/03/2026,Shanghai,Customer 45,customer045@example.com,P003,Classic Blue Mug,1,12.99,12.99
O_N375,Processing,Chengdu,08/03/2026,Shanghai,Customer 45,customer045@example.com,P011,Thermal Steel Mug,2,19.99,39.98
O_N376,Delivered,Shenzhen,14/02/2026,Guangzhou,Customer 45,customer045@example.com,P001,Classic Red Mug,2,12.99,25.98
O_N377,Delivered,Shenzhen,14/02/2026,Guangzhou,Customer 45,customer045@example.com,P002,Classic White Mug,1,11.99,11.99
O_N378,Delivered,Shenzhen,14/02/2026,Guangzhou,Customer 45,customer045@example.com,P003,Classic Blue Mug,2,12.99,25.98
O_N379,Delivered,Beijing,01/03/2026,Hangzhou,Customer 45,customer045@example.com,P004,Large Travel Mug,1,18.99,18.99
O_N380,Delivered,Beijing,01/03/2026,Hangzhou,Customer 45,customer045@example.com,P011,Thermal Steel Mug,2,19.99,39.98
O_N381,Cancelled,Chengdu,N/A,Shanghai,Customer 46,customer046@example.com,P025,Premium Porcelain Mug,1,18.99,18.99
O_N382,Cancelled,Chengdu,N/A,Shanghai,Customer 46,customer046@example.com,P055,Photo Travel Mug,1,27.99,27.99
O_N383,Processing,Shenzhen,11/03/2026,Chengdu,Customer 46,customer046@example.com,P001,Classic Red Mug,2,12.99,25.98
O_N384,Processing,Shenzhen,11/03/2026,Chengdu,Customer 46,customer046@example.com,P002,Classic White Mug,1,11.99,11.99
O_N385,Processing,Shenzhen,11/03/2026,Chengdu,Customer 46,customer046@example.com,P003,Classic Blue Mug,1,12.99,12.99
O_N386,Shipped,Wuhan,24/03/2026,Guangzhou,Customer 46,customer046@example.com,P001,Classic Red Mug,2,12.99,25.98
O_N387,Shipped,Wuhan,24/03/2026,Guangzhou,Customer 46,customer046@example.com,P002,Classic White Mug,1,11.99,11.99
O_N388,Shipped,Wuhan,24/03/2026,Guangzhou,Customer 46,customer046@example.com,P003,Classic Blue Mug,1,12.99,12.99
O_N389,Delivered,Wuhan,04/02/2026,Shenzhen,Customer 46,customer046@example.com,P001,Classic Red Mug,2,12.99,25.98
O_N390,Delivered,Wuhan,04/02/2026,Shenzhen,Customer 46,customer046@example.com,P002,Classic White Mug,2,11.99,23.98
O_N391,Delivered,Wuhan,04/02/2026,Shenzhen,Customer 46,customer046@example.com,P003,Classic Blue Mug,2,12.99,25.98
O_N392,Delivered,Shanghai,27/02/2026,Wuhan,Customer 46,customer046@example.com,P045,Student Budget Mug,1,7.99,7.99
O_N393,Delivered,Shanghai,27/02/2026,Wuhan,Customer 46,customer046@example.com,P016,Minimal Cream Mug,1,12.49,12.49
O_N394,Delivered,Wuhan,13/03/2026,Shanghai,Customer 47,customer047@example.com,P055,Photo Travel Mug,1,27.99,27.99
O_N395,Delivered,Wuhan,13/03/2026,Shanghai,Customer 47,customer047@example.com,P043,Slim Travel Cup,1,20.49,20.49
O_N396,Delivered,Wuhan,13/03/2026,Shanghai,Customer 47,customer047@example.com,P035,Reusable Coffee Cup,4,11.99,47.96
O_N397,Processing,Shanghai,06/02/2026,Wuhan,Customer 47,customer047@example.com,P001,Classic Red Mug,1,12.99,12.99
O_N398,Processing,Shanghai,06/02/2026,Wuhan,Customer 47,customer047@example.com,P002,Classic White Mug,1,11.99,11.99
O_N399,Processing,Shanghai,06/02/2026,Wuhan,Customer 47,customer047@example.com,P003,Classic Blue Mug,3,12.99,38.97
O_N400,Processing,Chengdu,05/03/2026,Mandalay,Customer 47,customer047@example.com,P001,Classic Red Mug,1,12.99,12.99
O_N401,Processing,Chengdu,05/03/2026,Mandalay,Customer 47,customer047@example.com,P002,Classic White Mug,4,11.99,47.96
O_N402,Processing,Chengdu,05/03/2026,Mandalay,Customer 47,customer047@example.com,P003,Classic Blue Mug,3,12.99,38.97
O_N403,Delivered,Wuhan,25/02/2026,Shanghai,Customer 47,customer047@example.com,P006,Matte Black Mug,2,14.99,29.98
O_N404,Shipped,Beijing,20/03/2026,Beijing,Customer 47,customer047@example.com,P024,Name Engraved Mug,1,16.49,16.49
O_N405,Delivered,Wuhan,01/04/2026,Hangzhou,Customer 47,customer047@example.com,P001,Classic Red Mug,3,12.99,38.97
O_N406,Delivered,Wuhan,01/04/2026,Hangzhou,Customer 47,customer047@example.com,P002,Classic White Mug,2,11.99,23.98
O_N407,Delivered,Wuhan,01/04/2026,Hangzhou,Customer 47,customer047@example.com,P003,Classic Blue Mug,1,12.99,12.99
O_N408,Delivered,Beijing,24/02/2026,Hangzhou,Customer 48,customer048@example.com,P005,Gift Mug Set,1,34.99,34.99
O_N409,Delivered,Beijing,24/02/2026,Hangzhou,Customer 48,customer048@example.com,P031,Floral Gift Mug,1,19.99,19.99
O_N410,Delivered,Beijing,24/02/2026,Hangzhou,Customer 48,customer048@example.com,P004,Large Travel Mug,3,18.99,56.97
O_N411,Delivered,Beijing,24/02/2026,Hangzhou,Customer 48,customer048@example.com,P003,Classic Blue Mug,3,12.99,38.97
O_N412,Delivered,Shanghai,14/03/2026,Shenzhen,Customer 48,customer048@example.com,P001,Classic Red Mug,2,12.99,25.98
O_N413,Delivered,Shanghai,14/03/2026,Shenzhen,Customer 48,customer048@example.com,P002,Classic White Mug,1,11.99,11.99
O_N414,Delivered,Shanghai,14/03/2026,Shenzhen,Customer 48,customer048@example.com,P003,Classic Blue Mug,1,12.99,12.99
O_N415,Delivered,Mandalay,10/02/2026,Shanghai,Customer 49,customer049@example.com,P004,Large Travel Mug,1,18.99,18.99
O_N416,Delivered,Mandalay,10/02/2026,Shanghai,Customer 49,customer049@example.com,P045,Student Budget Mug,2,7.99,15.98
O_N417,Delivered,Mandalay,10/02/2026,Shanghai,Customer 49,customer049@example.com,P051,Ceramic Tea Mug,1,14.99,14.99
O_N418,Delivered,Hangzhou,02/02/2026,Beijing,Customer 49,customer049@example.com,P001,Classic Red Mug,1,12.99,12.99
O_N419,Delivered,Hangzhou,02/02/2026,Beijing,Customer 49,customer049@example.com,P002,Classic White Mug,1,11.99,11.99
O_N420,Delivered,Hangzhou,02/02/2026,Beijing,Customer 49,customer049@example.com,P003,Classic Blue Mug,2,12.99,25.98
O_N421,Processing,Guangzhou,02/02/2026,Wuhan,Customer 50,customer050@example.com,P005,Gift Mug Set,4,34.99,139.96
O_N422,Processing,Guangzhou,02/02/2026,Wuhan,Customer 50,customer050@example.com,P031,Floral Gift Mug,3,19.99,59.97
O_N423,Delivered,Shanghai,16/02/2026,Mandalay,Customer 50,customer050@example.com,P005,Gift Mug Set,1,34.99,34.99
O_N424,Delivered,Shanghai,16/02/2026,Mandalay,Customer 50,customer050@example.com,P031,Floral Gift Mug,2,19.99,39.98
O_N425,Delivered,Shanghai,26/03/2026,Hangzhou,Customer 50,customer050@example.com,P010,Espresso Cup Pair,3,16.99,50.97
O_N426,Delivered,Shanghai,26/03/2026,Hangzhou,Customer 50,customer050@example.com,P047,Office Starter Pack,2,59.99,119.98
O_N427,Shipped,Chengdu,02/03/2026,Mandalay,Customer 50,customer050@example.com,P005,Gift Mug Set,3,34.99,104.97
O_N428,Shipped,Chengdu,02/03/2026,Mandalay,Customer 50,customer050@example.com,P031,Floral Gift Mug,2,19.99,39.98
O_N429,Processing,Mandalay,22/03/2026,Mandalay,Customer 51,customer051@example.com,P008,Office Grey Mug,2,10.99,21.98
O_N430,Shipped,Mandalay,09/02/2026,Guangzhou,Customer 51,customer051@example.com,P001,Classic Red Mug,2,12.99,25.98
O_N431,Shipped,Mandalay,09/02/2026,Guangzhou,Customer 51,customer051@example.com,P002,Classic White Mug,1,11.99,11.99
O_N432,Shipped,Mandalay,09/02/2026,Guangzhou,Customer 51,customer051@example.com,P003,Classic Blue Mug,3,12.99,38.97
O_N433,Processing,Hangzhou,23/01/2026,Guangzhou,Customer 51,customer051@example.com,P001,Classic Red Mug,1,12.99,12.99
O_N434,Processing,Hangzhou,23/01/2026,Guangzhou,Customer 51,customer051@example.com,P002,Classic White Mug,1,11.99,11.99
O_N435,Processing,Hangzhou,23/01/2026,Guangzhou,Customer 51,customer051@example.com,P003,Classic Blue Mug,1,12.99,12.99
O_N436,Shipped,Guangzhou,21/01/2026,Beijing,Customer 51,customer051@example.com,P051,Ceramic Tea Mug,1,14.99,14.99
O_N437,Shipped,Guangzhou,21/01/2026,Beijing,Customer 51,customer051@example.com,P013,Eco Bamboo Mug,1,17.49,17.49
O_N438,Shipped,Guangzhou,21/01/2026,Beijing,Customer 51,customer051@example.com,P002,Classic White Mug,1,11.99,11.99
O_N439,Delivered,Shenzhen,11/03/2026,Mandalay,Customer 51,customer051@example.com,P001,Classic Red Mug,1,12.99,12.99
O_N440,Delivered,Shenzhen,11/03/2026,Mandalay,Customer 51,customer051@example.com,P002,Classic White Mug,1,11.99,11.99
O_N441,Delivered,Shenzhen,11/03/2026,Mandalay,Customer 51,customer051@example.com,P003,Classic Blue Mug,3,12.99,38.97
O_N442,Delivered,Shenzhen,11/03/2026,Mandalay,Customer 51,customer051@example.com,P018,Speckled Stone Mug,3,15.49,46.47
O_N443,Delivered,Guangzhou,05/02/2026,Wuhan,Customer 52,customer052@example.com,P001,Classic Red Mug,1,12.99,12.99
O_N444,Delivered,Guangzhou,05/02/2026,Wuhan,Customer 52,customer052@example.com,P002,Classic White Mug,1,11.99,11.99
O_N445,Delivered,Guangzhou,05/02/2026,Wuhan,Customer 52,customer052@example.com,P003,Classic Blue Mug,1,12.99,12.99
O_N446,Shipped,Beijing,28/02/2026,Shanghai,Customer 52,customer052@example.com,P001,Classic Red Mug,2,12.99,25.98
O_N447,Shipped,Beijing,28/02/2026,Shanghai,Customer 52,customer052@example.com,P002,Classic White Mug,2,11.99,23.98
O_N448,Shipped,Beijing,28/02/2026,Shanghai,Customer 52,customer052@example.com,P003,Classic Blue Mug,1,12.99,12.99
O_N449,Delivered,Shanghai,09/04/2026,Wuhan,Customer 52,customer052@example.com,P001,Classic Red Mug,3,12.99,38.97
O_N450,Delivered,Shanghai,09/04/2026,Wuhan,Customer 52,customer052@example.com,P002,Classic White Mug,3,11.99,35.97
O_N451,Delivered,Shanghai,09/04/2026,Wuhan,Customer 52,customer052@example.com,P003,Classic Blue Mug,3,12.99,38.97
O_N452,Cancelled,Shanghai,N/A,Guangzhou,Customer 52,customer052@example.com,P001,Classic Red Mug,2,12.99,25.98
O_N453,Cancelled,Shanghai,N/A,Guangzhou,Customer 52,customer052@example.com,P002,Classic White Mug,1,11.99,11.99
O_N454,Cancelled,Shanghai,N/A,Guangzhou,Customer 52,customer052@example.com,P003,Classic Blue Mug,1,12.99,12.99
O_N455,Delivered,Shanghai,26/03/2026,Guangzhou,Customer 52,customer052@example.com,P008,Office Grey Mug,1,10.99,10.99
O_N456,Delivered,Chengdu,21/01/2026,Hangzhou,Customer 53,customer053@example.com,P002,Classic White Mug,3,11.99,35.97
O_N457,Delivered,Guangzhou,22/03/2026,Shenzhen,Customer 53,customer053@example.com,P005,Gift Mug Set,1,34.99,34.99
O_N458,Delivered,Guangzhou,22/03/2026,Shenzhen,Customer 53,customer053@example.com,P031,Floral Gift Mug,3,19.99,59.97
O_N459,Processing,Guangzhou,15/01/2026,Chengdu,Customer 54,customer054@example.com,P008,Office Grey Mug,1,10.99,10.99
O_N460,Delivered,Hangzhou,15/01/2026,Shanghai,Customer 54,customer054@example.com,P040,Reusable Straw Cup,3,18.49,55.47
O_N461,Delivered,Hangzhou,15/01/2026,Shanghai,Customer 54,customer054@example.com,P017,Forest Green Mug,1,13.99,13.99
O_N462,Delivered,Mandalay,25/02/2026,Wuhan,Customer 54,customer054@example.com,P001,Classic Red Mug,1,12.99,12.99
O_N463,Delivered,Mandalay,25/02/2026,Wuhan,Customer 54,customer054@example.com,P002,Classic White Mug,1,11.99,11.99
O_N464,Delivered,Mandalay,25/02/2026,Wuhan,Customer 54,customer054@example.com,P003,Classic Blue Mug,2,12.99,25.98
O_N465,Processing,Shenzhen,06/03/2026,Beijing,Customer 55,customer055@example.com,P048,Cafe Style Cappuccino Cup,1,13.99,13.99
O_N466,Processing,Shenzhen,06/03/2026,Beijing,Customer 55,customer055@example.com,P017,Forest Green Mug,2,13.99,27.98
O_N467,Processing,Shenzhen,06/03/2026,Beijing,Customer 55,customer055@example.com,P027,Camping Enamel Mug,1,12.49,12.49
O_N468,Delivered,Shenzhen,20/02/2026,Shanghai,Customer 55,customer055@example.com,P021,Double Wall Glass Mug,2,18.49,36.98
O_N469,Delivered,Shenzhen,20/02/2026,Shanghai,Customer 55,customer055@example.com,P016,Minimal Cream Mug,4,12.49,49.96
O_N470,Delivered,Mandalay,07/02/2026,Shanghai,Customer 56,customer056@example.com,P001,Classic Red Mug,1,12.99,12.99
O_N471,Delivered,Mandalay,07/02/2026,Shanghai,Customer 56,customer056@example.com,P002,Classic White Mug,1,11.99,11.99
O_N472,Delivered,Mandalay,07/02/2026,Shanghai,Customer 56,customer056@example.com,P003,Classic Blue Mug,1,12.99,12.99
O_N473,Pending,Shanghai,11/03/2026,Mandalay,Customer 56,customer056@example.com,P040,Reusable Straw Cup,3,18.49,55.47
O_N474,Pending,Shanghai,11/03/2026,Mandalay,Customer 56,customer056@example.com,P017,Forest Green Mug,1,13.99,13.99
O_N475,Delivered,Shenzhen,30/03/2026,Guangzhou,Customer 56,customer056@example.com,P018,Speckled Stone Mug,1,15.49,15.49
O_N476,Delivered,Shenzhen,30/03/2026,Guangzhou,Customer 56,customer056@example.com,P026,Stackable Espresso Set,2,29.99,59.98
O_N477,Delivered,Shenzhen,30/03/2026,Guangzhou,Customer 56,customer056@example.com,P043,Slim Travel Cup,1,20.49,20.49
O_N478,Cancelled,Shenzhen,N/A,Wuhan,Customer 57,customer057@example.com,P001,Classic Red Mug,1,12.99,12.99
O_N479,Cancelled,Shenzhen,N/A,Wuhan,Customer 57,customer057@example.com,P002,Classic White Mug,1,11.99,11.99
O_N480,Cancelled,Shenzhen,N/A,Wuhan,Customer 57,customer057@example.com,P003,Classic Blue Mug,1,12.99,12.99
O_N481,Processing,Guangzhou,07/03/2026,Chengdu,Customer 57,customer057@example.com,P001,Classic Red Mug,1,12.99,12.99
O_N482,Processing,Guangzhou,07/03/2026,Chengdu,Customer 57,customer057@example.com,P002,Classic White Mug,2,11.99,23.98
O_N483,Processing,Guangzhou,07/03/2026,Chengdu,Customer 57,customer057@example.com,P003,Classic Blue Mug,1,12.99,12.99
O_N484,Shipped,Shenzhen,21/01/2026,Wuhan,Customer 57,customer057@example.com,P001,Classic Red Mug,1,12.99,12.99
O_N485,Shipped,Shenzhen,21/01/2026,Wuhan,Customer 57,customer057@example.com,P002,Classic White Mug,3,11.99,35.97
O_N486,Processing,Mandalay,06/04/2026,Beijing,Customer 58,customer058@example.com,P008,Office Grey Mug,1,10.99,10.99
O_N487,Delivered,Mandalay,20/02/2026,Beijing,Customer 58,customer058@example.com,P004,Large Travel Mug,2,18.99,37.98
O_N488,Delivered,Mandalay,20/02/2026,Beijing,Customer 58,customer058@example.com,P011,Thermal Steel Mug,1,19.99,19.99
O_N489,Delivered,Mandalay,20/02/2026,Beijing,Customer 58,customer058@example.com,P033,Large Soup Mug,2,16.99,33.98
O_N490,Shipped,Chengdu,19/03/2026,Mandalay,Customer 58,customer058@example.com,P004,Large Travel Mug,1,18.99,18.99
O_N491,Shipped,Chengdu,19/03/2026,Mandalay,Customer 58,customer058@example.com,P011,Thermal Steel Mug,2,19.99,39.98
O_N492,Shipped,Chengdu,19/03/2026,Mandalay,Customer 58,customer058@example.com,P007,Pastel Pink Mug,1,13.49,13.49
O_N493,Processing,Beijing,27/02/2026,Guangzhou,Customer 58,customer058@example.com,P004,Large Travel Mug,2,18.99,37.98
O_N494,Processing,Beijing,27/02/2026,Guangzhou,Customer 58,customer058@example.com,P011,Thermal Steel Mug,1,19.99,19.99
O_N495,Shipped,Mandalay,19/01/2026,Hangzhou,Customer 58,customer058@example.com,P005,Gift Mug Set,2,34.99,69.98
O_N496,Shipped,Mandalay,19/01/2026,Hangzhou,Customer 58,customer058@example.com,P031,Floral Gift Mug,1,19.99,19.99
O_N497,Shipped,Chengdu,29/03/2026,Shenzhen,Customer 59,customer059@example.com,P019,Copper Travel Tumbler,1,22.49,22.49
O_N498,Shipped,Chengdu,29/03/2026,Shenzhen,Customer 59,customer059@example.com,P052,Infuser Tea Mug,4,19.49,77.96
O_N499,Processing,Wuhan,08/02/2026,Guangzhou,Customer 59,customer059@example.com,P004,Large Travel Mug,4,18.99,75.96
O_N500,Processing,Wuhan,08/02/2026,Guangzhou,Customer 59,customer059@example.com,P050,Adventure Enamel Set,2,36.99,73.98
O_N501,Delivered,Shenzhen,25/03/2026,Wuhan,Customer 60,customer060@example.com,P007,Pastel Pink Mug,2,13.49,26.98
O_N502,Processing,Shanghai,06/02/2026,Guangzhou,Customer 60,customer060@example.com,P017,Forest Green Mug,3,13.99,41.97
O_N503,Processing,Shanghai,06/02/2026,Guangzhou,Customer 60,customer060@example.com,P030,Heated Desk Mug,1,49.99,49.99
O_N504,Processing,Guangzhou,24/02/2026,Shanghai,Customer 60,customer060@example.com,P005,Gift Mug Set,1,34.99,34.99
O_N505,Processing,Guangzhou,24/02/2026,Shanghai,Customer 60,customer060@example.com,P031,Floral Gift Mug,4,19.99,79.96
O_N506,Processing,Beijing,25/01/2026,Guangzhou,Customer 60,customer060@example.com,P004,Large Travel Mug,2,18.99,37.98
O_N507,Processing,Beijing,25/01/2026,Guangzhou,Customer 60,customer060@example.com,P011,Thermal Steel Mug,1,19.99,19.99
O_N508,Delivered,Beijing,31/03/2026,Shanghai,Customer 60,customer060@example.com,P004,Large Travel Mug,1,18.99,18.99
O_N509,Delivered,Beijing,31/03/2026,Shanghai,Customer 60,customer060@example.com,P011,Thermal Steel Mug,2,19.99,39.98
O_N510,Delivered,Guangzhou,23/01/2026,Beijing,Customer 60,customer060@example.com,P016,Minimal Cream Mug,1,12.49,12.49
O_N511,Delivered,Guangzhou,23/01/2026,Beijing,Customer 60,customer060@example.com,P059,Large Office Mug,2,15.99,31.98
O_N512,Delivered,Guangzhou,23/01/2026,Beijing,Customer 60,customer060@example.com,P007,Pastel Pink Mug,1,13.49,13.49
O_N513,Processing,Beijing,26/03/2026,Guangzhou,Customer 61,customer061@example.com,P002,Classic White Mug,3,11.99,35.97
O_N514,Delivered,Beijing,08/04/2026,Mandalay,Customer 61,customer061@example.com,P004,Large Travel Mug,1,18.99,18.99
O_N515,Delivered,Beijing,08/04/2026,Mandalay,Customer 61,customer061@example.com,P011,Thermal Steel Mug,3,19.99,59.97
O_N516,Shipped,Chengdu,02/04/2026,Chengdu,Customer 61,customer061@example.com,P012,Commuter Mug,1,21.99,21.99
O_N517,Delivered,Mandalay,02/02/2026,Hangzhou,Customer 61,customer061@example.com,P004,Large Travel Mug,1,18.99,18.99
O_N518,Delivered,Mandalay,02/02/2026,Hangzhou,Customer 61,customer061@example.com,P011,Thermal Steel Mug,1,19.99,19.99
O_N519,Pending,Guangzhou,05/02/2026,Mandalay,Customer 61,customer061@example.com,P011,Thermal Steel Mug,2,19.99,39.98
O_N520,Pending,Guangzhou,05/02/2026,Mandalay,Customer 61,customer061@example.com,P059,Large Office Mug,1,15.99,15.99
O_N521,Delivered,Shanghai,01/04/2026,Beijing,Customer 62,customer062@example.com,P004,Large Travel Mug,1,18.99,18.99
O_N522,Delivered,Shanghai,01/04/2026,Beijing,Customer 62,customer062@example.com,P011,Thermal Steel Mug,1,19.99,19.99
O_N523,Delivered,Shanghai,01/04/2026,Beijing,Customer 62,customer062@example.com,P015,Holiday Gift Mug Set,2,39.99,79.98
O_N524,Delivered,Shanghai,01/04/2026,Beijing,Customer 62,customer062@example.com,P045,Student Budget Mug,2,7.99,15.98
O_N525,Processing,Shenzhen,16/03/2026,Shanghai,Customer 62,customer062@example.com,P044,Grip Travel Mug,3,23.99,71.97
O_N526,Processing,Shenzhen,16/03/2026,Shanghai,Customer 62,customer062@example.com,P003,Classic Blue Mug,3,12.99,38.97
O_N527,Processing,Shenzhen,16/03/2026,Shanghai,Customer 62,customer062@example.com,P033,Large Soup Mug,1,16.99,16.99
O_N528,Pending,Wuhan,04/03/2026,Beijing,Customer 63,customer063@example.com,P004,Large Travel Mug,2,18.99,37.98
O_N529,Pending,Wuhan,04/03/2026,Beijing,Customer 63,customer063@example.com,P011,Thermal Steel Mug,3,19.99,59.97
O_N530,Cancelled,Shenzhen,N/A,Chengdu,Customer 63,customer063@example.com,P058,Rustic Stoneware Mug,2,16.99,33.98
O_N531,Delivered,Shanghai,28/01/2026,Wuhan,Customer 63,customer063@example.com,P015,Holiday Gift Mug Set,1,39.99,39.99
O_N532,Delivered,Shanghai,28/01/2026,Wuhan,Customer 63,customer063@example.com,P026,Stackable Espresso Set,1,29.99,29.99
O_N533,Delivered,Hangzhou,11/03/2026,Hangzhou,Customer 63,customer063@example.com,P055,Photo Travel Mug,2,27.99,55.98
O_N534,Delivered,Hangzhou,11/03/2026,Hangzhou,Customer 63,customer063@example.com,P015,Holiday Gift Mug Set,2,39.99,79.98
O_N535,Delivered,Hangzhou,11/03/2026,Hangzhou,Customer 63,customer063@example.com,P024,Name Engraved Mug,3,16.49,49.47
O_N536,Delivered,Hangzhou,11/03/2026,Hangzhou,Customer 63,customer063@example.com,P047,Office Starter Pack,2,59.99,119.98
O_N537,Delivered,Mandalay,08/04/2026,Hangzhou,Customer 64,customer064@example.com,P004,Large Travel Mug,3,18.99,56.97
O_N538,Delivered,Mandalay,08/04/2026,Hangzhou,Customer 64,customer064@example.com,P005,Gift Mug Set,1,34.99,34.99
O_N539,Processing,Guangzhou,16/01/2026,Beijing,Customer 64,customer064@example.com,P046,Teacher Gift Mug,1,18.99,18.99
O_N540,Processing,Shenzhen,09/02/2026,Hangzhou,Customer 64,customer064@example.com,P001,Classic Red Mug,2,12.99,25.98
O_N541,Processing,Shenzhen,09/02/2026,Hangzhou,Customer 64,customer064@example.com,P059,Large Office Mug,1,15.99,15.99
O_N542,Delivered,Shanghai,25/01/2026,Beijing,Customer 64,customer064@example.com,P025,Premium Porcelain Mug,1,18.99,18.99
O_N543,Delivered,Hangzhou,10/03/2026,Chengdu,Customer 64,customer064@example.com,P018,Speckled Stone Mug,1,15.49,15.49
O_N544,Delivered,Hangzhou,10/03/2026,Chengdu,Customer 64,customer064@example.com,P002,Classic White Mug,1,11.99,11.99
O_N545,Delivered,Beijing,15/03/2026,Shanghai,Customer 64,customer064@example.com,P035,Reusable Coffee Cup,1,11.99,11.99
O_N546,Delivered,Chengdu,04/02/2026,Hangzhou,Customer 65,customer065@example.com,P004,Large Travel Mug,1,18.99,18.99
O_N547,Delivered,Chengdu,04/02/2026,Hangzhou,Customer 65,customer065@example.com,P011,Thermal Steel Mug,2,19.99,39.98
O_N548,Delivered,Mandalay,18/03/2026,Beijing,Customer 65,customer065@example.com,P002,Classic White Mug,1,11.99,11.99
O_N549,Delivered,Mandalay,18/03/2026,Beijing,Customer 65,customer065@example.com,P003,Classic Blue Mug,1,12.99,12.99
O_N550,Shipped,Chengdu,29/03/2026,Hangzhou,Customer 66,customer066@example.com,P004,Large Travel Mug,2,18.99,37.98
O_N551,Shipped,Chengdu,29/03/2026,Hangzhou,Customer 66,customer066@example.com,P011,Thermal Steel Mug,1,19.99,19.99
O_N552,Shipped,Chengdu,29/03/2026,Hangzhou,Customer 66,customer066@example.com,P019,Copper Travel Tumbler,1,22.49,22.49
O_N553,Cancelled,Shenzhen,N/A,Wuhan,Customer 66,customer066@example.com,P001,Classic Red Mug,1,12.99,12.99
O_N554,Cancelled,Shenzhen,N/A,Wuhan,Customer 66,customer066@example.com,P002,Classic White Mug,2,11.99,23.98
O_N555,Cancelled,Shenzhen,N/A,Wuhan,Customer 66,customer066@example.com,P003,Classic Blue Mug,2,12.99,25.98
O_N556,Cancelled,Hangzhou,N/A,Guangzhou,Customer 66,customer066@example.com,P001,Classic Red Mug,2,12.99,25.98
O_N557,Cancelled,Hangzhou,N/A,Guangzhou,Customer 66,customer066@example.com,P024,Name Engraved Mug,1,16.49,16.49
O_N558,Cancelled,Shanghai,N/A,Chengdu,Customer 67,customer067@example.com,P044,Grip Travel Mug,3,23.99,71.97
O_N559,Cancelled,Shanghai,N/A,Chengdu,Customer 67,customer067@example.com,P048,Cafe Style Cappuccino Cup,2,13.99,27.98
O_N560,Delivered,Beijing,04/04/2026,Shanghai,Customer 67,customer067@example.com,P001,Classic Red Mug,2,12.99,25.98
O_N561,Delivered,Beijing,04/04/2026,Shanghai,Customer 67,customer067@example.com,P002,Classic White Mug,1,11.99,11.99
O_N562,Delivered,Beijing,04/04/2026,Shanghai,Customer 67,customer067@example.com,P003,Classic Blue Mug,2,12.99,25.98
O_N563,Pending,Hangzhou,20/02/2026,Beijing,Customer 67,customer067@example.com,P004,Large Travel Mug,1,18.99,18.99
O_N564,Pending,Hangzhou,20/02/2026,Beijing,Customer 67,customer067@example.com,P011,Thermal Steel Mug,4,19.99,79.96
O_N565,Processing,Mandalay,29/03/2026,Shanghai,Customer 67,customer067@example.com,P045,Student Budget Mug,2,7.99,15.98
O_N566,Processing,Mandalay,29/03/2026,Shanghai,Customer 67,customer067@example.com,P054,Personalized Couple Mug Set,2,31.99,63.98
O_N567,Shipped,Shanghai,21/03/2026,Beijing,Customer 68,customer068@example.com,P048,Cafe Style Cappuccino Cup,1,13.99,13.99
O_N568,Processing,Chengdu,17/01/2026,Chengdu,Customer 68,customer068@example.com,P004,Large Travel Mug,2,18.99,37.98
O_N569,Processing,Chengdu,17/01/2026,Chengdu,Customer 68,customer068@example.com,P011,Thermal Steel Mug,2,19.99,39.98
O_N570,Delivered,Beijing,16/01/2026,Wuhan,Customer 69,customer069@example.com,P005,Gift Mug Set,1,34.99,34.99
O_N571,Delivered,Chengdu,06/04/2026,Beijing,Customer 69,customer069@example.com,P001,Classic Red Mug,1,12.99,12.99
O_N572,Delivered,Chengdu,06/04/2026,Beijing,Customer 69,customer069@example.com,P002,Classic White Mug,1,11.99,11.99
O_N573,Delivered,Chengdu,06/04/2026,Beijing,Customer 69,customer069@example.com,P003,Classic Blue Mug,1,12.99,12.99
O_N574,Delivered,Hangzhou,04/03/2026,Guangzhou,Customer 69,customer069@example.com,P045,Student Budget Mug,1,7.99,7.99
O_N575,Delivered,Hangzhou,04/03/2026,Guangzhou,Customer 69,customer069@example.com,P043,Slim Travel Cup,2,20.49,40.98
O_N576,Delivered,Chengdu,02/04/2026,Hangzhou,Customer 69,customer069@example.com,P003,Classic Blue Mug,1,12.99,12.99
O_N577,Delivered,Chengdu,02/04/2026,Hangzhou,Customer 69,customer069@example.com,P012,Commuter Mug,4,21.99,87.96
O_N578,Shipped,Chengdu,08/04/2026,Guangzhou,Customer 69,customer069@example.com,P039,Tall Latte Glass,2,16.99,33.98
O_N579,Shipped,Mandalay,10/04/2026,Wuhan,Customer 69,customer069@example.com,P004,Large Travel Mug,1,18.99,18.99
O_N580,Shipped,Mandalay,10/04/2026,Wuhan,Customer 69,customer069@example.com,P011,Thermal Steel Mug,2,19.99,39.98
O_N581,Shipped,Mandalay,10/04/2026,Wuhan,Customer 69,customer069@example.com,P039,Tall Latte Glass,1,16.99,16.99
O_N582,Shipped,Mandalay,10/04/2026,Wuhan,Customer 69,customer069@example.com,P042,Color Espresso Set,3,24.49,73.47
O_N583,Delivered,Beijing,09/02/2026,Shenzhen,Customer 70,customer070@example.com,P004,Large Travel Mug,1,18.99,18.99
O_N584,Delivered,Beijing,09/02/2026,Shenzhen,Customer 70,customer070@example.com,P011,Thermal Steel Mug,2,19.99,39.98
O_N585,Delivered,Beijing,09/02/2026,Shenzhen,Customer 70,customer070@example.com,P027,Camping Enamel Mug,3,12.49,37.47
O_N586,Shipped,Guangzhou,17/02/2026,Beijing,Customer 70,customer070@example.com,P030,Heated Desk Mug,1,49.99,49.99
O_N587,Delivered,Wuhan,17/03/2026,Shanghai,Customer 71,customer071@example.com,P001,Classic Red Mug,1,12.99,12.99
O_N588,Delivered,Wuhan,17/03/2026,Shanghai,Customer 71,customer071@example.com,P050,Adventure Enamel Set,2,36.99,73.98
O_N589,Cancelled,Chengdu,N/A,Mandalay,Customer 71,customer071@example.com,P001,Classic Red Mug,2,12.99,25.98
O_N590,Cancelled,Chengdu,N/A,Mandalay,Customer 71,customer071@example.com,P002,Classic White Mug,3,11.99,35.97
O_N591,Cancelled,Chengdu,N/A,Mandalay,Customer 71,customer071@example.com,P003,Classic Blue Mug,2,12.99,25.98
O_N592,Delivered,Shanghai,18/01/2026,Shenzhen,Customer 71,customer071@example.com,P004,Large Travel Mug,1,18.99,18.99
O_N593,Delivered,Shanghai,18/01/2026,Shenzhen,Customer 71,customer071@example.com,P011,Thermal Steel Mug,1,19.99,19.99
O_N594,Shipped,Wuhan,11/03/2026,Chengdu,Customer 71,customer071@example.com,P020,Kids Small Mug,1,9.99,9.99
O_N595,Shipped,Wuhan,11/03/2026,Chengdu,Customer 71,customer071@example.com,P058,Rustic Stoneware Mug,3,16.99,50.97
O_N596,Shipped,Wuhan,11/03/2026,Chengdu,Customer 71,customer071@example.com,P006,Matte Black Mug,1,14.99,14.99
O_N597,Shipped,Guangzhou,09/04/2026,Hangzhou,Customer 72,customer072@example.com,P001,Classic Red Mug,1,12.99,12.99
O_N598,Shipped,Guangzhou,09/04/2026,Hangzhou,Customer 72,customer072@example.com,P002,Classic White Mug,2,11.99,23.98
O_N599,Shipped,Guangzhou,09/04/2026,Hangzhou,Customer 72,customer072@example.com,P003,Classic Blue Mug,2,12.99,25.98
O_N600,Delivered,Chengdu,16/02/2026,Mandalay,Customer 72,customer072@example.com,P001,Classic Red Mug,1,12.99,12.99
O_N601,Delivered,Chengdu,16/02/2026,Mandalay,Customer 72,customer072@example.com,P002,Classic White Mug,1,11.99,11.99
O_N602,Delivered,Chengdu,16/02/2026,Mandalay,Customer 72,customer072@example.com,P003,Classic Blue Mug,1,12.99,12.99
O_N603,Shipped,Hangzhou,21/01/2026,Guangzhou,Customer 72,customer072@example.com,P001,Classic Red Mug,2,12.99,25.98
O_N604,Shipped,Hangzhou,21/01/2026,Guangzhou,Customer 72,customer072@example.com,P002,Classic White Mug,4,11.99,47.96
O_N605,Shipped,Hangzhou,21/01/2026,Guangzhou,Customer 72,customer072@example.com,P003,Classic Blue Mug,2,12.99,25.98
O_N606,Shipped,Shanghai,05/03/2026,Chengdu,Customer 72,customer072@example.com,P005,Gift Mug Set,3,34.99,104.97
O_N607,Shipped,Shanghai,05/03/2026,Chengdu,Customer 72,customer072@example.com,P031,Floral Gift Mug,3,19.99,59.97
O_N608,Delivered,Shanghai,10/02/2026,Wuhan,Customer 72,customer072@example.com,P001,Classic Red Mug,3,12.99,38.97
O_N609,Delivered,Shanghai,10/02/2026,Wuhan,Customer 72,customer072@example.com,P002,Classic White Mug,3,11.99,35.97
O_N610,Delivered,Shanghai,10/02/2026,Wuhan,Customer 72,customer072@example.com,P003,Classic Blue Mug,4,12.99,51.96
O_N611,Processing,Shanghai,19/02/2026,Guangzhou,Customer 73,customer073@example.com,P008,Office Grey Mug,1,10.99,10.99
O_N612,Pending,Wuhan,06/02/2026,Shenzhen,Customer 73,customer073@example.com,P025,Premium Porcelain Mug,2,18.99,37.98
O_N613,Pending,Wuhan,06/02/2026,Shenzhen,Customer 73,customer073@example.com,P060,Compact Travel Cup,3,16.49,49.47
O_N614,Processing,Beijing,11/02/2026,Beijing,Customer 73,customer073@example.com,P005,Gift Mug Set,2,34.99,69.98
O_N615,Delivered,Shenzhen,05/02/2026,Hangzhou,Customer 73,customer073@example.com,P016,Minimal Cream Mug,1,12.49,12.49
O_N616,Delivered,Shenzhen,05/02/2026,Hangzhou,Customer 73,customer073@example.com,P004,Large Travel Mug,1,18.99,18.99
O_N617,Delivered,Shenzhen,05/02/2026,Hangzhou,Customer 73,customer073@example.com,P035,Reusable Coffee Cup,1,11.99,11.99
O_N618,Delivered,Mandalay,17/03/2026,Guangzhou,Customer 73,customer073@example.com,P001,Classic Red Mug,1,12.99,12.99
O_N619,Delivered,Mandalay,17/03/2026,Guangzhou,Customer 73,customer073@example.com,P002,Classic White Mug,1,11.99,11.99
O_N620,Delivered,Mandalay,17/03/2026,Guangzhou,Customer 73,customer073@example.com,P003,Classic Blue Mug,2,12.99,25.98
O_N621,Delivered,Mandalay,20/03/2026,Hangzhou,Customer 74,customer074@example.com,P001,Classic Red Mug,3,12.99,38.97
O_N622,Delivered,Mandalay,20/03/2026,Hangzhou,Customer 74,customer074@example.com,P002,Classic White Mug,1,11.99,11.99
O_N623,Delivered,Mandalay,20/03/2026,Hangzhou,Customer 74,customer074@example.com,P003,Classic Blue Mug,2,12.99,25.98
O_N624,Shipped,Shanghai,29/01/2026,Chengdu,Customer 74,customer074@example.com,P001,Classic Red Mug,2,12.99,25.98
O_N625,Shipped,Shanghai,29/01/2026,Chengdu,Customer 74,customer074@example.com,P002,Classic White Mug,2,11.99,23.98
O_N626,Shipped,Shanghai,29/01/2026,Chengdu,Customer 74,customer074@example.com,P003,Classic Blue Mug,1,12.99,12.99
O_N627,Delivered,Hangzhou,27/01/2026,Chengdu,Customer 74,customer074@example.com,P005,Gift Mug Set,1,34.99,34.99
O_N628,Delivered,Hangzhou,27/01/2026,Chengdu,Customer 74,customer074@example.com,P031,Floral Gift Mug,1,19.99,19.99
O_N629,Delivered,Hangzhou,27/01/2026,Chengdu,Customer 74,customer074@example.com,P013,Eco Bamboo Mug,4,17.49,69.96
O_N630,Processing,Shenzhen,21/02/2026,Wuhan,Customer 74,customer074@example.com,P004,Large Travel Mug,2,18.99,37.98
O_N631,Processing,Shenzhen,21/02/2026,Wuhan,Customer 74,customer074@example.com,P011,Thermal Steel Mug,1,19.99,19.99
O_N632,Processing,Shenzhen,21/02/2026,Wuhan,Customer 74,customer074@example.com,P033,Large Soup Mug,3,16.99,50.97
O_N633,Processing,Shenzhen,21/02/2026,Wuhan,Customer 74,customer074@example.com,P036,Cork Grip Eco Cup,4,16.49,65.96
O_N634,Shipped,Shanghai,14/01/2026,Wuhan,Customer 74,customer074@example.com,P001,Classic Red Mug,1,12.99,12.99
O_N635,Shipped,Shanghai,14/01/2026,Wuhan,Customer 74,customer074@example.com,P017,Forest Green Mug,1,13.99,13.99
O_N636,Pending,Guangzhou,08/04/2026,Chengdu,Customer 74,customer074@example.com,P001,Classic Red Mug,2,12.99,25.98
O_N637,Pending,Guangzhou,08/04/2026,Chengdu,Customer 74,customer074@example.com,P002,Classic White Mug,2,11.99,23.98
O_N638,Pending,Guangzhou,08/04/2026,Chengdu,Customer 74,customer074@example.com,P003,Classic Blue Mug,4,12.99,51.96
O_N639,Delivered,Shenzhen,17/02/2026,Shanghai,Customer 75,customer075@example.com,P015,Holiday Gift Mug Set,1,39.99,39.99
O_N640,Delivered,Shenzhen,17/02/2026,Shanghai,Customer 75,customer075@example.com,P016,Minimal Cream Mug,1,12.49,12.49
O_N641,Delivered,Shenzhen,17/02/2026,Shanghai,Customer 75,customer075@example.com,P025,Premium Porcelain Mug,1,18.99,18.99
O_N642,Processing,Wuhan,12/01/2026,Shanghai,Customer 75,customer075@example.com,P001,Classic Red Mug,2,12.99,25.98
O_N643,Processing,Wuhan,12/01/2026,Shanghai,Customer 75,customer075@example.com,P002,Classic White Mug,2,11.99,23.98
O_N644,Processing,Wuhan,12/01/2026,Shanghai,Customer 75,customer075@example.com,P003,Classic Blue Mug,1,12.99,12.99
O_N645,Shipped,Chengdu,20/02/2026,Beijing,Customer 75,customer075@example.com,P004,Large Travel Mug,1,18.99,18.99
O_N646,Shipped,Chengdu,20/02/2026,Beijing,Customer 75,customer075@example.com,P011,Thermal Steel Mug,3,19.99,59.97
O_N647,Delivered,Shanghai,09/03/2026,Chengdu,Customer 75,customer075@example.com,P024,Name Engraved Mug,1,16.49,16.49
O_N648,Delivered,Shanghai,09/03/2026,Chengdu,Customer 75,customer075@example.com,P055,Photo Travel Mug,2,27.99,55.98
O_N649,Processing,Guangzhou,20/01/2026,Shanghai,Customer 75,customer075@example.com,P003,Classic Blue Mug,1,12.99,12.99
O_N650,Delivered,Guangzhou,25/02/2026,Beijing,Customer 75,customer075@example.com,P032,Birthday Mug Box,1,27.99,27.99
O_N651,Delivered,Guangzhou,25/02/2026,Beijing,Customer 75,customer075@example.com,P001,Classic Red Mug,2,12.99,25.98
O_N652,Pending,Chengdu,05/03/2026,Hangzhou,Customer 76,customer076@example.com,P041,Mini Espresso Cup,1,8.99,8.99
O_N653,Pending,Chengdu,05/03/2026,Hangzhou,Customer 76,customer076@example.com,P008,Office Grey Mug,3,10.99,32.97
O_N654,Delivered,Shanghai,05/03/2026,Shanghai,Customer 76,customer076@example.com,P058,Rustic Stoneware Mug,2,16.99,33.98
O_N655,Processing,Beijing,19/03/2026,Guangzhou,Customer 76,customer076@example.com,P007,Pastel Pink Mug,3,13.49,40.47
O_N656,Processing,Beijing,19/03/2026,Guangzhou,Customer 76,customer076@example.com,P047,Office Starter Pack,2,59.99,119.98
O_N657,Cancelled,Guangzhou,N/A,Guangzhou,Customer 76,customer076@example.com,P001,Classic Red Mug,1,12.99,12.99
O_N658,Cancelled,Guangzhou,N/A,Guangzhou,Customer 76,customer076@example.com,P002,Classic White Mug,4,11.99,47.96
O_N659,Cancelled,Guangzhou,N/A,Guangzhou,Customer 76,customer076@example.com,P003,Classic Blue Mug,1,12.99,12.99
O_N660,Cancelled,Beijing,N/A,Shenzhen,Customer 76,customer076@example.com,P012,Commuter Mug,1,21.99,21.99
O_N661,Cancelled,Beijing,N/A,Shenzhen,Customer 76,customer076@example.com,P016,Minimal Cream Mug,2,12.49,24.98
O_N662,Cancelled,Beijing,N/A,Shenzhen,Customer 76,customer076@example.com,P044,Grip Travel Mug,2,23.99,47.98
O_N663,Delivered,Shenzhen,18/03/2026,Guangzhou,Customer 76,customer076@example.com,P026,Stackable Espresso Set,1,29.99,29.99
O_N664,Delivered,Shenzhen,18/03/2026,Guangzhou,Customer 76,customer076@example.com,P025,Premium Porcelain Mug,2,18.99,37.98
O_N665,Shipped,Chengdu,31/01/2026,Wuhan,Customer 77,customer077@example.com,P004,Large Travel Mug,2,18.99,37.98
O_N666,Shipped,Chengdu,31/01/2026,Wuhan,Customer 77,customer077@example.com,P011,Thermal Steel Mug,1,19.99,19.99
O_N667,Shipped,Chengdu,31/01/2026,Wuhan,Customer 77,customer077@example.com,P037,Luxury Gold Mug,2,24.99,49.98
O_N668,Delivered,Wuhan,23/01/2026,Beijing,Customer 77,customer077@example.com,P038,Marble Ceramic Mug,2,17.99,35.98
O_N669,Delivered,Wuhan,23/01/2026,Beijing,Customer 77,customer077@example.com,P055,Photo Travel Mug,2,27.99,55.98
O_N670,Pending,Hangzhou,23/01/2026,Guangzhou,Customer 77,customer077@example.com,P003,Classic Blue Mug,2,12.99,25.98
O_N671,Pending,Hangzhou,23/01/2026,Guangzhou,Customer 77,customer077@example.com,P017,Forest Green Mug,3,13.99,41.97
O_N672,Shipped,Shenzhen,03/04/2026,Shenzhen,Customer 77,customer077@example.com,P002,Classic White Mug,1,11.99,11.99
O_N673,Shipped,Shenzhen,03/04/2026,Shenzhen,Customer 77,customer077@example.com,P033,Large Soup Mug,2,16.99,33.98
O_N674,Processing,Chengdu,07/02/2026,Mandalay,Customer 77,customer077@example.com,P002,Classic White Mug,1,11.99,11.99
O_N675,Processing,Chengdu,07/02/2026,Mandalay,Customer 77,customer077@example.com,P025,Premium Porcelain Mug,2,18.99,37.98
O_N676,Delivered,Chengdu,19/02/2026,Shanghai,Customer 78,customer078@example.com,P001,Classic Red Mug,1,12.99,12.99
O_N677,Delivered,Chengdu,19/02/2026,Shanghai,Customer 78,customer078@example.com,P002,Classic White Mug,1,11.99,11.99
O_N678,Delivered,Chengdu,19/02/2026,Shanghai,Customer 78,customer078@example.com,P003,Classic Blue Mug,2,12.99,25.98
O_N679,Shipped,Chengdu,03/04/2026,Shanghai,Customer 78,customer078@example.com,P045,Student Budget Mug,1,7.99,7.99
O_N680,Delivered,Mandalay,12/01/2026,Shenzhen,Customer 78,customer078@example.com,P002,Classic White Mug,1,11.99,11.99
O_N681,Delivered,Mandalay,12/01/2026,Shenzhen,Customer 78,customer078@example.com,P038,Marble Ceramic Mug,1,17.99,17.99
O_N682,Delivered,Mandalay,12/01/2026,Shenzhen,Customer 78,customer078@example.com,P048,Cafe Style Cappuccino Cup,2,13.99,27.98
O_N683,Delivered,Mandalay,12/01/2026,Shenzhen,Customer 78,customer078@example.com,P046,Teacher Gift Mug,1,18.99,18.99
O_N684,Shipped,Shenzhen,06/02/2026,Mandalay,Customer 78,customer078@example.com,P058,Rustic Stoneware Mug,1,16.99,16.99
O_N685,Shipped,Shenzhen,06/02/2026,Mandalay,Customer 78,customer078@example.com,P015,Holiday Gift Mug Set,1,39.99,39.99
O_N686,Delivered,Beijing,02/03/2026,Wuhan,Customer 79,customer079@example.com,P059,Large Office Mug,1,15.99,15.99
O_N687,Delivered,Beijing,02/03/2026,Wuhan,Customer 79,customer079@example.com,P028,Mountain Enamel Mug,2,12.99,25.98
O_N688,Delivered,Chengdu,29/03/2026,Hangzhou,Customer 79,customer079@example.com,P052,Infuser Tea Mug,3,19.49,58.47
O_N689,Processing,Beijing,07/02/2026,Wuhan,Customer 79,customer079@example.com,P001,Classic Red Mug,1,12.99,12.99
O_N690,Processing,Beijing,07/02/2026,Wuhan,Customer 79,customer079@example.com,P002,Classic White Mug,1,11.99,11.99
O_N691,Processing,Beijing,07/02/2026,Wuhan,Customer 79,customer079@example.com,P003,Classic Blue Mug,2,12.99,25.98
O_N692,Shipped,Beijing,16/02/2026,Shenzhen,Customer 80,customer080@example.com,P032,Birthday Mug Box,2,27.99,55.98
O_N693,Cancelled,Chengdu,N/A,Shenzhen,Customer 80,customer080@example.com,P004,Large Travel Mug,4,18.99,75.96
O_N694,Cancelled,Chengdu,N/A,Shenzhen,Customer 80,customer080@example.com,P011,Thermal Steel Mug,2,19.99,39.98
O_N695,Processing,Beijing,04/02/2026,Chengdu,Customer 80,customer080@example.com,P001,Classic Red Mug,1,12.99,12.99
O_N696,Processing,Beijing,04/02/2026,Chengdu,Customer 80,customer080@example.com,P002,Classic White Mug,1,11.99,11.99
O_N697,Processing,Beijing,04/02/2026,Chengdu,Customer 80,customer080@example.com,P003,Classic Blue Mug,1,12.99,12.99
O_N698,Delivered,Wuhan,08/02/2026,Wuhan,Customer 80,customer080@example.com,P001,Classic Red Mug,1,12.99,12.99
O_N699,Delivered,Wuhan,08/02/2026,Wuhan,Customer 80,customer080@example.com,P002,Classic White Mug,1,11.99,11.99
O_N700,Delivered,Wuhan,08/02/2026,Wuhan,Customer 80,customer080@example.com,P003,Classic Blue Mug,1,12.99,12.99
